Inventory_ID,Product_ID,Warehouse_ID,Stock_Units,Reorder_Level,Safety_Stock,Inventory_Date,Stock_Value
INV00001,PROD0035,WH02,3687,1318,523,2026-07-31,8669869.89
INV00002,PROD0096,WH12,596,1091,590,2025-08-27,1123251.4
INV00003,PROD0088,WH10,4545,1247,712,2025-02-07,10798465.5
INV00004,PROD0078,WH11,484,862,128,2025-01-25,1092794.56
INV00005,PROD0032,WH09,645,1273,482,2026-02-14,1039359.45
INV00006,PROD0120,WH07,3089,917,202,2026-04-06,2891458.45
INV00007,PROD0046,WH06,4757,1302,450,2026-07-25,891271.52
INV00008,PROD0144,WH01,4853,1250,328,2026-02-21,10547849.91
INV00009,PROD0196,WH01,4384,470,106,2025-12-23,1704455.36
INV00010,PROD0165,WH02,720,761,235,2026-01-18,1711274.4
INV00011,PROD0182,WH06,4733,1003,447,2025-06-07,1983600.3
INV00012,PROD0142,WH06,498,446,654,2026-07-23,471381.9
INV00013,PROD0055,WH02,4729,586,207,2026-03-09,9642194.55
INV00014,PROD0176,WH01,1673,901,742,2025-02-17,4125166.29
INV00015,PROD0007,WH10,3067,758,408,2025-11-24,2759042.53
INV00016,PROD0074,WH05,114,1172,489,2026-03-09,123239.7
INV00017,PROD0007,WH05,2979,1183,638,2026-03-07,2679878.61
INV00018,PROD0161,WH02,4769,551,515,2025-02-25,6996218.38
INV00019,PROD0151,WH06,1736,1479,712,2026-07-31,2302526.24
INV00020,PROD0085,WH09,3611,1445,495,2025-09-25,8178445.57
INV00021,PROD0147,WH02,2253,952,799,2025-03-10,101835.6
INV00022,PROD0112,WH10,2294,980,792,2026-08-24,4030351.54
INV00023,PROD0125,WH02,3630,1224,537,2026-03-25,3448536.3
INV00024,PROD0147,WH03,146,745,579,2025-09-14,6599.2
INV00025,PROD0036,WH07,3982,278,122,2026-05-05,5754189.1
INV00026,PROD0029,WH06,3453,1459,750,2025-02-18,5703838.05
INV00027,PROD0188,WH12,4507,533,66,2025-11-12,4751865.31
INV00028,PROD0082,WH08,2410,1088,580,2026-02-17,5399315.8
INV00029,PROD0002,WH08,136,1321,780,2026-03-10,251419.12
INV00030,PROD0129,WH06,3360,1305,375,2025-01-02,3592478.4
INV00031,PROD0047,WH12,3005,701,681,2025-05-25,797617.15
INV00032,PROD0197,WH11,3552,964,662,2026-01-01,5297488.32
INV00033,PROD0148,WH10,18,1120,595,2026-02-24,43652.7
INV00034,PROD0011,WH03,2242,749,645,2026-07-27,289935.44
INV00035,PROD0130,WH03,448,213,757,2026-07-15,1015745.92
INV00036,PROD0195,WH01,1948,591,251,2026-03-20,4808404.24
INV00037,PROD0119,WH07,945,509,393,2026-03-10,893081.7
INV00038,PROD0140,WH05,4236,585,572,2026-07-09,6204342.12
INV00039,PROD0020,WH04,1920,1432,449,2025-02-26,2098790.4
INV00040,PROD0005,WH10,2977,1173,267,2026-07-16,3148802.67
INV00041,PROD0037,WH04,4188,1317,494,2025-06-27,4102564.8
INV00042,PROD0166,WH04,4015,1316,271,2025-10-20,8942649.65
INV00043,PROD0137,WH06,238,539,432,2025-02-15,73077.9
INV00044,PROD0053,WH08,204,796,641,2025-06-19,431362.08
INV00045,PROD0172,WH08,2607,956,56,2025-09-28,2328259.56
INV00046,PROD0099,WH05,4340,1245,321,2026-02-21,1048761.0
INV00047,PROD0086,WH06,4927,490,788,2025-05-19,1191594.95
INV00048,PROD0108,WH04,3388,505,65,2025-09-04,6462101.8
INV00049,PROD0024,WH12,2972,833,473,2025-05-28,379167.76
INV00050,PROD0081,WH11,4390,1351,573,2025-08-18,3557304.8
INV00051,PROD0158,WH09,2687,824,70,2026-01-09,4685966.78
INV00052,PROD0120,WH08,4951,1138,739,2025-03-21,4634383.55
INV00053,PROD0059,WH10,4166,1496,277,2026-08-29,6573614.72
INV00054,PROD0128,WH12,1348,1047,337,2025-03-06,1890745.24
INV00055,PROD0114,WH10,4400,641,183,2025-03-29,9052208.0
INV00056,PROD0115,WH01,816,702,332,2025-03-29,1444328.16
INV00057,PROD0014,WH02,820,329,453,2025-07-23,1446143.8
INV00058,PROD0009,WH09,192,1355,714,2026-01-17,9747.84
INV00059,PROD0040,WH08,1776,796,115,2026-08-24,2434647.36
INV00060,PROD0194,WH03,3645,1061,698,2026-04-21,7396543.35
INV00061,PROD0025,WH08,4624,792,653,2026-07-27,4373887.84
INV00062,PROD0103,WH12,250,1198,486,2026-08-29,278050.0
INV00063,PROD0022,WH01,1788,524,308,2026-06-23,2763157.32
INV00064,PROD0004,WH10,3700,1292,152,2025-08-02,5679981.0
INV00065,PROD0154,WH04,2463,647,616,2025-03-15,3426845.79
INV00066,PROD0186,WH03,1167,1018,150,2025-03-02,2122084.47
INV00067,PROD0029,WH06,3893,1388,247,2026-06-27,6430652.05
INV00068,PROD0109,WH07,1096,908,275,2025-08-07,1700191.92
INV00069,PROD0098,WH04,2679,464,512,2025-01-12,5296918.8
INV00070,PROD0037,WH07,1847,811,286,2026-02-19,1809321.2
INV00071,PROD0075,WH09,3904,1031,75,2025-02-01,7343072.64
INV00072,PROD0070,WH11,504,873,170,2025-06-09,979972.56
INV00073,PROD0146,WH02,1621,356,555,2025-08-25,3904356.81
INV00074,PROD0128,WH11,2472,450,231,2025-06-30,3467301.36
INV00075,PROD0085,WH03,2546,1077,760,2026-07-12,5766359.02
INV00076,PROD0042,WH05,1387,729,683,2025-12-07,1351589.89
INV00077,PROD0100,WH03,2994,526,592,2026-04-03,3723428.22
INV00078,PROD0041,WH11,3816,1160,364,2025-03-21,8984924.64
INV00079,PROD0166,WH08,717,1094,667,2026-04-18,1596981.27
INV00080,PROD0034,WH12,3484,296,785,2025-04-22,5123744.6
INV00081,PROD0017,WH10,4434,712,322,2025-10-19,5483394.78
INV00082,PROD0165,WH08,658,415,281,2026-01-18,1563914.66
INV00083,PROD0153,WH08,4008,1355,469,2025-01-17,795107.04
INV00084,PROD0122,WH12,4524,1483,491,2026-05-08,10716948.84
INV00085,PROD0076,WH12,4994,324,545,2025-11-27,9438859.76
INV00086,PROD0087,WH09,4234,1305,73,2026-05-01,3423146.66
INV00087,PROD0117,WH04,3764,258,158,2026-02-10,849986.48
INV00088,PROD0106,WH05,2989,360,752,2025-04-27,914364.99
INV00089,PROD0086,WH05,4637,483,551,2026-07-09,1121458.45
INV00090,PROD0027,WH08,2104,305,74,2025-04-25,2662170.16
INV00091,PROD0057,WH07,1255,1328,236,2026-07-03,387343.2
INV00092,PROD0031,WH09,2482,427,337,2026-07-01,472473.52
INV00093,PROD0134,WH08,383,517,677,2025-12-02,451794.46
INV00094,PROD0168,WH02,2607,1001,387,2025-12-02,4056570.21
INV00095,PROD0098,WH10,193,1073,86,2025-05-27,381599.6
INV00096,PROD0012,WH12,3807,671,186,2025-05-02,442411.47
INV00097,PROD0053,WH04,3719,1279,557,2025-03-22,7863899.88
INV00098,PROD0199,WH06,2581,824,276,2026-01-10,6259544.44
INV00099,PROD0138,WH12,2565,212,369,2026-07-24,4176563.85
INV00100,PROD0173,WH02,2763,1241,231,2025-03-04,4048872.57
INV00101,PROD0145,WH07,2798,893,135,2026-05-19,1596650.72
INV00102,PROD0154,WH03,2339,1172,516,2026-03-25,3254320.87
INV00103,PROD0190,WH03,3406,312,102,2026-03-04,7381381.02
INV00104,PROD0122,WH11,731,428,284,2026-03-03,1731673.21
INV00105,PROD0046,WH02,2872,370,482,2026-02-25,538097.92
INV00106,PROD0064,WH11,3120,494,545,2025-11-18,1422532.8
INV00107,PROD0130,WH08,4780,388,149,2025-06-15,10837646.2
INV00108,PROD0054,WH06,4177,625,648,2026-08-20,304210.91
INV00109,PROD0107,WH01,2604,1176,452,2026-04-06,964339.32
INV00110,PROD0193,WH12,2382,1302,445,2026-04-04,2264114.82
INV00111,PROD0051,WH01,531,857,576,2025-07-08,101898.9
INV00112,PROD0181,WH07,4316,1118,464,2026-04-09,7408672.96
INV00113,PROD0036,WH08,634,1405,662,2026-01-14,916161.7
INV00114,PROD0115,WH05,1769,698,726,2025-01-02,3131147.69
INV00115,PROD0026,WH12,3804,961,512,2025-12-30,5973269.04
INV00116,PROD0029,WH11,2370,1065,590,2025-03-13,3914884.5
INV00117,PROD0149,WH05,2,1025,675,2026-03-03,244.5
INV00118,PROD0011,WH04,205,270,668,2025-06-19,26510.6
INV00119,PROD0040,WH06,4135,447,413,2025-07-24,5668506.1
INV00120,PROD0011,WH06,2621,345,179,2025-12-03,338947.72
INV00121,PROD0164,WH03,4739,781,133,2026-04-17,3379807.41
INV00122,PROD0113,WH09,2890,669,320,2025-07-14,565919.8
INV00123,PROD0187,WH12,3193,392,293,2025-10-02,4915112.62
INV00124,PROD0039,WH11,2666,1291,437,2025-01-07,3075924.16
INV00125,PROD0054,WH07,3306,693,263,2026-07-20,240775.98
INV00126,PROD0098,WH01,897,251,215,2026-07-27,1773548.4
INV00127,PROD0055,WH07,1085,1081,108,2026-08-22,2212260.75
INV00128,PROD0111,WH05,1279,562,651,2025-06-27,286508.79
INV00129,PROD0152,WH05,670,1116,553,2025-08-30,1663288.4
INV00130,PROD0150,WH02,1505,673,755,2025-07-22,3355382.45
INV00131,PROD0069,WH04,3575,720,172,2026-06-27,3358569.5
INV00132,PROD0056,WH12,4814,890,697,2026-04-07,3443983.74
INV00133,PROD0033,WH06,1955,1421,462,2025-03-21,158120.4
INV00134,PROD0036,WH10,249,1351,188,2026-06-07,359817.45
INV00135,PROD0148,WH11,1892,731,278,2026-02-21,4588383.8
INV00136,PROD0081,WH07,3439,1039,323,2026-01-19,2786690.48
INV00137,PROD0190,WH11,1853,1288,488,2026-01-26,4015766.01
INV00138,PROD0109,WH05,2854,440,611,2025-05-06,4427324.58
INV00139,PROD0154,WH09,1503,735,167,2026-05-09,2091168.99
INV00140,PROD0194,WH03,3385,282,763,2025-02-16,6868943.55
INV00141,PROD0073,WH01,3571,1181,532,2026-04-21,7671079.36
INV00142,PROD0040,WH04,3792,1150,444,2026-04-09,5198301.12
INV00143,PROD0017,WH09,3426,810,752,2025-05-03,4236831.42
INV00144,PROD0129,WH04,43,773,509,2026-04-19,45975.17
INV00145,PROD0061,WH02,3612,485,742,2025-05-14,6652039.8
INV00146,PROD0171,WH10,2618,1188,127,2026-07-16,3055965.22
INV00147,PROD0104,WH05,4678,658,461,2026-08-30,10389557.32
INV00148,PROD0042,WH03,3163,1435,124,2025-01-23,3082248.61
INV00149,PROD0025,WH12,1288,325,344,2026-07-20,1218332.08
INV00150,PROD0039,WH09,2942,624,70,2025-08-23,3394361.92
INV00151,PROD0035,WH04,219,753,220,2025-02-28,514971.93
INV00152,PROD0131,WH06,1925,809,64,2025-06-13,560810.25
INV00153,PROD0108,WH02,2972,1381,260,2025-08-04,5668644.2
INV00154,PROD0172,WH06,3513,311,609,2025-07-02,3137390.04
INV00155,PROD0179,WH03,2448,601,135,2026-07-23,1919672.64
INV00156,PROD0102,WH12,3471,321,198,2025-03-31,4791993.18
INV00157,PROD0098,WH12,2774,472,749,2025-11-07,5484752.8
INV00158,PROD0012,WH09,990,597,421,2026-07-11,115047.9
INV00159,PROD0019,WH11,2946,670,529,2025-09-14,1312177.86
INV00160,PROD0101,WH02,1812,1184,200,2026-06-17,286350.36
INV00161,PROD0044,WH12,4953,1430,190,2026-06-17,11217554.4
INV00162,PROD0187,WH12,803,1333,118,2025-02-21,1236090.02
INV00163,PROD0049,WH09,489,768,309,2025-12-04,122098.41
INV00164,PROD0189,WH05,3556,1337,570,2025-06-20,8295543.48
INV00165,PROD0017,WH08,1493,1096,682,2025-03-08,1846348.31
INV00166,PROD0074,WH02,3645,1019,420,2025-10-27,3940427.25
INV00167,PROD0057,WH06,2891,1052,468,2025-08-20,892278.24
INV00168,PROD0055,WH03,1705,909,150,2025-03-09,3476409.75
INV00169,PROD0047,WH12,3516,520,710,2026-05-21,933251.88
INV00170,PROD0012,WH12,3340,378,707,2025-01-28,388141.4
INV00171,PROD0062,WH10,53,1096,292,2025-02-20,106617.45
INV00172,PROD0080,WH05,2575,418,561,2025-09-17,5327031.25
INV00173,PROD0083,WH12,3591,988,604,2026-08-14,3526972.47
INV00174,PROD0008,WH08,615,691,144,2026-08-09,1167423.75
INV00175,PROD0149,WH10,954,260,275,2025-07-03,116626.5
INV00176,PROD0081,WH01,2433,1277,567,2025-01-23,1971508.56
INV00177,PROD0118,WH05,1629,737,263,2025-05-09,4018417.2
INV00178,PROD0198,WH03,2781,1047,767,2025-10-18,2673959.31
INV00179,PROD0200,WH04,649,1187,116,2026-05-16,1367877.83
INV00180,PROD0025,WH02,2347,264,445,2025-07-05,2220050.77
INV00181,PROD0089,WH09,4490,785,661,2026-04-24,10673897.4
INV00182,PROD0012,WH03,3278,370,61,2026-07-25,380936.38
INV00183,PROD0143,WH02,2640,1496,286,2026-05-07,1913973.6
INV00184,PROD0059,WH10,3801,734,448,2026-05-28,5997673.92
INV00185,PROD0154,WH11,2561,892,456,2025-03-08,3563196.13
INV00186,PROD0109,WH09,3249,307,529,2026-04-12,5040076.23
INV00187,PROD0026,WH07,370,1385,696,2025-10-12,580996.2
INV00188,PROD0047,WH06,857,1013,271,2026-08-24,227473.51
INV00189,PROD0032,WH01,4886,1204,205,2026-02-21,7873349.26
INV00190,PROD0010,WH05,4753,651,703,2025-04-10,1442250.32
INV00191,PROD0016,WH12,383,1429,477,2025-07-08,98859.96
INV00192,PROD0199,WH11,3877,789,207,2026-01-23,9402655.48
INV00193,PROD0145,WH11,2552,1239,465,2025-08-29,1456273.28
INV00194,PROD0151,WH03,4334,526,375,2026-02-21,5748357.56
INV00195,PROD0026,WH01,4290,807,420,2025-06-25,6736415.4
INV00196,PROD0086,WH04,2725,858,393,2026-01-22,659041.25
INV00197,PROD0135,WH02,4034,201,311,2026-04-16,624906.94
INV00198,PROD0014,WH02,3293,1233,332,2025-08-21,5807501.87
INV00199,PROD0079,WH03,4251,633,278,2026-03-28,5401108.05
INV00200,PROD0117,WH08,3988,324,329,2025-10-04,900570.16
INV00201,PROD0007,WH08,922,1304,339,2025-08-17,829421.98
INV00202,PROD0137,WH12,2915,684,729,2025-06-20,895050.75
INV00203,PROD0115,WH07,2950,851,96,2025-08-01,5221529.5
INV00204,PROD0176,WH06,3046,1373,764,2025-10-09,7510613.58
INV00205,PROD0072,WH09,974,999,263,2025-02-10,2267403.82
INV00206,PROD0059,WH04,1230,1072,73,2025-05-02,1940841.6
INV00207,PROD0082,WH12,2435,328,370,2025-08-15,5455325.3
INV00208,PROD0116,WH01,1814,637,323,2025-10-21,393910.1
INV00209,PROD0167,WH08,2934,950,605,2026-08-23,3366207.54
INV00210,PROD0146,WH07,4933,700,362,2025-09-24,11881673.13
INV00211,PROD0187,WH07,1363,1281,412,2026-06-25,2098120.42
INV00212,PROD0103,WH03,3940,1421,717,2026-03-27,4382068.0
INV00213,PROD0017,WH04,203,410,429,2026-03-25,251044.01
INV00214,PROD0014,WH10,160,1101,760,2025-03-02,282174.4
INV00215,PROD0159,WH09,4487,244,723,2026-05-17,5135506.11
INV00216,PROD0152,WH06,768,1320,519,2025-05-27,1906575.36
INV00217,PROD0108,WH05,3748,734,795,2025-11-30,7148747.8
INV00218,PROD0188,WH03,2581,660,724,2025-05-22,2721225.73
INV00219,PROD0045,WH09,1093,590,165,2025-02-13,548183.22
INV00220,PROD0098,WH05,4500,1267,654,2025-05-24,8897400.0
INV00221,PROD0131,WH05,607,226,91,2025-11-29,176837.31
INV00222,PROD0037,WH04,1540,993,428,2026-05-12,1508584.0
INV00223,PROD0171,WH04,2875,1320,771,2026-01-31,3355958.75
INV00224,PROD0168,WH12,3191,1174,255,2025-02-24,4965291.73
INV00225,PROD0183,WH01,1837,747,515,2025-11-03,4185880.05
INV00226,PROD0108,WH07,689,820,781,2026-02-27,1314164.15
INV00227,PROD0039,WH09,3759,766,329,2026-02-21,4336983.84
INV00228,PROD0015,WH03,2949,903,697,2025-11-21,3519100.68
INV00229,PROD0120,WH12,2103,1442,667,2025-03-21,1968513.15
INV00230,PROD0004,WH02,365,384,167,2025-01-31,560322.45
INV00231,PROD0093,WH03,3575,1292,286,2025-04-22,2658477.25
INV00232,PROD0153,WH01,4550,1353,358,2026-07-12,902629.0
INV00233,PROD0141,WH06,4199,1047,505,2026-07-18,10102794.0
INV00234,PROD0161,WH11,4172,798,524,2026-04-17,6120407.44
INV00235,PROD0016,WH11,4325,1005,149,2025-03-15,1116369.0
INV00236,PROD0170,WH07,2378,1377,310,2026-07-07,1147337.44
INV00237,PROD0108,WH11,1205,278,354,2026-04-24,2298356.75
INV00238,PROD0126,WH11,4988,778,403,2026-08-12,1109830.0
INV00239,PROD0194,WH02,3839,612,335,2026-01-22,7790213.97
INV00240,PROD0055,WH08,2735,745,377,2026-07-18,5576528.25
INV00241,PROD0170,WH06,3347,368,152,2026-03-09,1614860.56
INV00242,PROD0034,WH04,1675,880,112,2026-02-16,2463338.75
INV00243,PROD0158,WH05,298,782,736,2026-04-12,519694.12
INV00244,PROD0013,WH08,956,714,331,2026-08-22,2046623.92
INV00245,PROD0141,WH03,1114,231,490,2025-09-05,2680284.0
INV00246,PROD0018,WH03,2505,486,342,2026-08-04,2984907.9
INV00247,PROD0160,WH11,1474,793,787,2025-04-30,2320783.52
INV00248,PROD0096,WH04,4460,1266,56,2025-03-08,8405539.0
INV00249,PROD0123,WH01,4446,816,688,2026-07-27,10960323.66
INV00250,PROD0039,WH09,3726,1224,141,2025-11-23,4298909.76
INV00251,PROD0046,WH08,3471,469,239,2026-04-15,650326.56
INV00252,PROD0029,WH08,2828,1403,525,2026-05-08,4671431.8
INV00253,PROD0190,WH10,2850,717,560,2025-10-13,6176434.5
INV00254,PROD0062,WH06,2506,1326,511,2026-08-31,5041194.9
INV00255,PROD0185,WH07,3770,1233,102,2025-11-08,8954692.5
INV00256,PROD0016,WH06,2964,782,535,2025-11-05,765067.68
INV00257,PROD0184,WH09,4594,1313,693,2025-04-07,9459091.94
INV00258,PROD0121,WH03,949,425,539,2025-04-23,1931034.69
INV00259,PROD0010,WH03,4603,869,413,2026-04-01,1396734.32
INV00260,PROD0158,WH03,2850,1116,161,2026-04-08,4970229.0
INV00261,PROD0153,WH10,165,325,458,2025-05-12,32732.7
INV00262,PROD0103,WH03,3486,1155,56,2025-05-01,3877129.2
INV00263,PROD0084,WH09,2509,1432,791,2025-07-16,105202.37
INV00264,PROD0133,WH12,919,1320,717,2026-04-27,39709.99
INV00265,PROD0065,WH04,113,273,246,2025-02-08,212471.64
INV00266,PROD0177,WH07,3504,1414,784,2026-07-20,6131754.72
INV00267,PROD0003,WH09,991,255,416,2026-05-27,1380036.87
INV00268,PROD0173,WH11,3839,919,299,2026-04-19,5625632.21
INV00269,PROD0142,WH12,1258,752,644,2025-06-10,1190759.9
INV00270,PROD0120,WH07,3426,231,289,2025-10-16,3206907.3
INV00271,PROD0158,WH09,514,773,429,2025-07-19,896385.16
INV00272,PROD0068,WH12,4804,866,520,2026-06-12,4997841.4
INV00273,PROD0146,WH03,3196,483,750,2026-05-18,7697917.56
INV00274,PROD0190,WH04,4434,386,504,2025-09-05,9609231.78
INV00275,PROD0037,WH08,2584,697,415,2026-01-18,2531286.4
INV00276,PROD0153,WH06,67,329,339,2025-08-06,13291.46
INV00277,PROD0176,WH05,1596,838,452,2025-03-28,3935305.08
INV00278,PROD0193,WH04,4478,313,107,2025-03-23,4256383.78
INV00279,PROD0181,WH08,18,1422,570,2025-03-03,30898.08
INV00280,PROD0073,WH01,2730,212,353,2026-05-15,5864476.8
INV00281,PROD0143,WH09,3521,1494,164,2025-02-11,2552689.79
INV00282,PROD0049,WH01,572,1438,259,2025-01-12,142822.68
INV00283,PROD0121,WH08,2258,643,90,2025-04-25,4594600.98
INV00284,PROD0088,WH04,2902,646,222,2025-08-06,6894861.8
INV00285,PROD0196,WH09,650,1185,283,2025-04-16,252713.5
INV00286,PROD0140,WH11,2587,1192,639,2026-06-12,3789101.29
INV00287,PROD0187,WH05,3262,914,669,2026-04-17,5021327.08
INV00288,PROD0037,WH03,1338,273,452,2026-01-22,1310704.8
INV00289,PROD0061,WH09,4996,736,88,2025-08-14,9200883.4
INV00290,PROD0171,WH11,3634,300,168,2026-04-26,4241931.86
INV00291,PROD0124,WH09,2827,375,384,2026-02-12,5334944.78
INV00292,PROD0198,WH04,2217,626,385,2026-04-02,2131667.67
INV00293,PROD0039,WH11,3539,1340,588,2025-01-21,4083156.64
INV00294,PROD0184,WH04,1037,1389,665,2026-08-24,2135193.37
INV00295,PROD0063,WH12,4383,240,123,2025-07-22,3137614.38
INV00296,PROD0046,WH08,3978,628,240,2026-02-21,745318.08
INV00297,PROD0088,WH02,2961,543,373,2026-02-20,7035039.9
INV00298,PROD0011,WH09,3226,565,196,2026-03-24,417186.32
INV00299,PROD0062,WH06,1098,1343,333,2026-05-27,2208791.7
INV00300,PROD0077,WH09,2324,808,262,2025-03-26,630408.24
INV00301,PROD0153,WH08,939,856,684,2025-06-16,186278.82
INV00302,PROD0199,WH07,3716,927,767,2026-01-19,9012191.84
INV00303,PROD0052,WH01,3414,428,443,2026-04-13,2757317.1
INV00304,PROD0004,WH12,1448,1024,388,2025-03-13,2222868.24
INV00305,PROD0059,WH03,570,1353,71,2026-06-05,899414.4
INV00306,PROD0072,WH11,2904,1088,154,2026-04-18,6760308.72
INV00307,PROD0148,WH02,2505,1183,515,2025-09-15,6075000.75
INV00308,PROD0093,WH05,917,1035,508,2025-10-02,681908.71
INV00309,PROD0063,WH05,1874,1496,481,2025-01-20,1341521.64
INV00310,PROD0054,WH05,4928,316,765,2026-05-05,358906.24
INV00311,PROD0117,WH04,1678,1017,668,2026-05-05,378925.96
INV00312,PROD0110,WH05,615,567,270,2025-11-22,163768.35
INV00313,PROD0074,WH03,4501,1317,428,2026-06-13,4865806.05
INV00314,PROD0107,WH12,1749,367,271,2025-03-30,647707.17
INV00315,PROD0057,WH01,3825,1153,307,2026-05-01,1180548.0
INV00316,PROD0169,WH05,4188,860,762,2025-12-16,2949566.52
INV00317,PROD0003,WH09,2477,894,416,2025-03-25,3449395.89
INV00318,PROD0120,WH09,4749,1124,398,2026-01-22,4445301.45
INV00319,PROD0006,WH04,3505,351,274,2025-03-28,2210288.05
INV00320,PROD0005,WH03,3475,785,763,2025-11-03,3675542.25
INV00321,PROD0005,WH01,4529,1112,787,2025-06-03,4790368.59
INV00322,PROD0054,WH02,1135,473,285,2026-03-16,82662.05
INV00323,PROD0047,WH08,4000,695,232,2025-09-21,1061720.0
INV00324,PROD0177,WH01,374,300,761,2026-02-25,654473.82
INV00325,PROD0009,WH08,206,756,493,2026-05-08,10458.62
INV00326,PROD0099,WH07,4875,1305,672,2026-02-15,1178043.75
INV00327,PROD0020,WH08,1319,272,55,2025-06-22,1441825.28
INV00328,PROD0122,WH12,1141,1237,285,2025-01-04,2702926.31
INV00329,PROD0061,WH06,4627,356,176,2026-04-17,8521314.55
INV00330,PROD0123,WH12,2690,934,153,2025-04-20,6631414.9
INV00331,PROD0163,WH09,3255,331,798,2025-02-06,416412.15
INV00332,PROD0178,WH03,89,1218,529,2026-08-06,119900.8
INV00333,PROD0082,WH10,4108,758,204,2025-01-31,9203481.04
INV00334,PROD0062,WH04,3020,306,306,2026-01-16,6075183.0
INV00335,PROD0145,WH06,1857,464,284,2025-09-25,1059678.48
INV00336,PROD0003,WH08,804,1428,549,2025-01-11,1119626.28
INV00337,PROD0160,WH05,944,1302,338,2025-12-10,1486309.12
INV00338,PROD0013,WH03,2789,354,559,2026-06-28,5970746.98
INV00339,PROD0120,WH06,3875,1187,601,2026-07-23,3627193.75
INV00340,PROD0125,WH04,1610,1196,758,2025-06-15,1529516.1
INV00341,PROD0089,WH09,2923,446,618,2025-12-08,6948730.98
INV00342,PROD0073,WH03,3882,730,347,2026-04-27,8339157.12
INV00343,PROD0068,WH04,3221,1057,659,2025-01-19,3350967.35
INV00344,PROD0142,WH07,4391,737,186,2025-07-03,4156301.05
INV00345,PROD0101,WH07,4735,928,425,2026-06-29,748272.05
INV00346,PROD0098,WH12,2387,1377,136,2025-01-10,4719576.4
INV00347,PROD0011,WH12,4723,353,468,2026-08-15,610778.36
INV00348,PROD0105,WH04,941,291,248,2025-07-11,834685.82
INV00349,PROD0184,WH06,4925,537,512,2025-11-16,10140624.25
INV00350,PROD0067,WH12,2566,1354,486,2026-08-03,6354468.06
INV00351,PROD0123,WH03,975,649,359,2026-04-20,2403579.75
INV00352,PROD0029,WH06,954,1009,645,2026-03-03,1575864.9
INV00353,PROD0137,WH12,1262,986,330,2025-02-28,387497.1
INV00354,PROD0195,WH02,943,472,372,2026-03-12,2327682.34
INV00355,PROD0153,WH08,2202,787,751,2025-04-07,436832.76
INV00356,PROD0076,WH02,3327,376,201,2026-05-11,6288163.08
INV00357,PROD0170,WH11,4274,1030,351,2025-10-05,2062119.52
INV00358,PROD0009,WH07,2259,842,327,2025-09-22,114689.43
INV00359,PROD0040,WH09,1828,1272,700,2025-01-09,2505932.08
INV00360,PROD0025,WH01,1257,766,737,2026-04-02,1189008.87
INV00361,PROD0005,WH08,464,865,57,2025-09-30,490777.44
INV00362,PROD0139,WH07,3294,1067,284,2025-01-08,6156222.48
INV00363,PROD0187,WH06,1230,1269,724,2025-07-27,1893388.2
INV00364,PROD0124,WH06,2654,501,610,2025-05-03,5008469.56
INV00365,PROD0038,WH06,884,1067,351,2025-02-02,1426395.88
INV00366,PROD0072,WH09,3805,1111,87,2026-05-28,8857773.65
INV00367,PROD0133,WH02,3856,607,185,2025-07-23,166617.76
INV00368,PROD0176,WH01,3135,1412,470,2026-06-02,7730063.55
INV00369,PROD0090,WH12,924,1021,268,2026-06-01,1330550.76
INV00370,PROD0146,WH06,4589,1352,397,2026-03-19,11053111.29
INV00371,PROD0198,WH10,1546,760,595,2026-08-15,1486494.46
INV00372,PROD0037,WH11,1094,1489,128,2025-12-05,1071682.4
INV00373,PROD0060,WH08,2411,1341,797,2026-03-14,5293398.72
INV00374,PROD0176,WH03,2617,663,322,2026-03-21,6452815.41
INV00375,PROD0028,WH12,762,343,210,2025-05-16,1633255.56
INV00376,PROD0197,WH10,2323,641,736,2026-01-22,3464545.43
INV00377,PROD0081,WH01,4145,1423,357,2025-01-25,3358776.4
INV00378,PROD0114,WH09,2775,1380,423,2026-05-21,5709063.0
INV00379,PROD0040,WH01,4659,686,782,2025-11-21,6386836.74
INV00380,PROD0045,WH03,4878,1059,58,2025-12-04,2446512.12
INV00381,PROD0062,WH08,3155,1357,493,2025-04-05,6346755.75
INV00382,PROD0093,WH03,3970,347,162,2026-06-29,2952211.1
INV00383,PROD0115,WH04,2040,1294,254,2025-05-26,3610820.4
INV00384,PROD0186,WH08,583,1456,454,2025-08-19,1060133.03
INV00385,PROD0067,WH01,4331,1010,747,2026-05-10,10725331.71
INV00386,PROD0056,WH06,2103,865,246,2025-02-07,1504507.23
INV00387,PROD0040,WH01,1942,289,164,2026-03-01,2662210.12
INV00388,PROD0098,WH01,4455,398,170,2026-03-13,8808426.0
INV00389,PROD0040,WH08,109,1384,702,2026-01-03,149423.74
INV00390,PROD0091,WH11,191,737,114,2025-12-11,302757.92
INV00391,PROD0033,WH04,903,1344,325,2025-06-09,73034.64
INV00392,PROD0006,WH12,861,500,288,2026-07-04,542955.21
INV00393,PROD0147,WH01,1083,923,351,2026-06-25,48951.6
INV00394,PROD0080,WH10,649,1162,441,2025-05-24,1342618.75
INV00395,PROD0168,WH07,4134,267,571,2026-08-11,6432628.02
INV00396,PROD0092,WH05,3611,658,418,2026-07-30,4078227.29
INV00397,PROD0097,WH05,636,597,282,2025-12-11,1260596.52
INV00398,PROD0059,WH01,1036,819,244,2025-09-26,1634725.12
INV00399,PROD0059,WH10,4131,1363,61,2025-09-25,6518387.52
INV00400,PROD0048,WH11,2148,929,738,2025-06-18,129481.44
INV00401,PROD0169,WH06,3865,755,226,2025-02-02,2722080.85
INV00402,PROD0013,WH09,3157,980,266,2026-01-12,6758568.74
INV00403,PROD0107,WH09,3587,1093,60,2025-08-02,1328373.71
INV00404,PROD0045,WH08,3294,809,495,2026-07-16,1652072.76
INV00405,PROD0089,WH05,4261,947,679,2026-03-16,10129504.86
INV00406,PROD0181,WH01,2430,481,213,2026-05-07,4171240.8
INV00407,PROD0170,WH09,1879,860,600,2026-01-28,906579.92
INV00408,PROD0100,WH01,3966,1123,102,2026-05-04,4932236.58
INV00409,PROD0191,WH08,3713,1195,267,2025-01-29,472924.81
INV00410,PROD0155,WH05,4126,945,767,2025-02-08,10000268.72
INV00411,PROD0166,WH03,4106,286,409,2025-06-22,9145334.86
INV00412,PROD0188,WH11,2011,1302,434,2025-01-17,2120257.63
INV00413,PROD0007,WH07,3373,1428,105,2025-02-25,3034317.07
INV00414,PROD0133,WH07,2143,990,167,2025-08-14,92599.03
INV00415,PROD0045,WH09,2500,1477,302,2026-07-12,1253850.0
INV00416,PROD0058,WH07,4581,503,229,2025-03-08,8000212.59
INV00417,PROD0031,WH11,1289,329,464,2025-07-16,245374.04
INV00418,PROD0023,WH03,1447,795,284,2025-01-23,2305374.87
INV00419,PROD0170,WH11,3199,1499,757,2026-08-29,1543453.52
INV00420,PROD0138,WH01,1943,757,129,2025-08-25,3163767.47
INV00421,PROD0160,WH08,3183,1098,696,2026-07-20,5011569.84
INV00422,PROD0107,WH12,3216,1406,71,2025-05-18,1190981.28
INV00423,PROD0181,WH03,3136,1491,526,2026-04-18,5383132.16
INV00424,PROD0158,WH12,3318,277,489,2026-07-07,5786392.92
INV00425,PROD0039,WH08,2782,983,786,2025-08-17,3209760.32
INV00426,PROD0159,WH08,990,873,619,2025-11-13,1133084.7
INV00427,PROD0082,WH05,4920,437,142,2026-08-21,11022669.6
INV00428,PROD0100,WH12,2153,1357,241,2026-07-15,2677535.39
INV00429,PROD0002,WH01,225,1415,152,2025-07-20,415950.75
INV00430,PROD0077,WH10,776,477,445,2025-09-15,210497.76
INV00431,PROD0012,WH07,2837,1241,56,2026-04-25,329687.77
INV00432,PROD0039,WH12,687,723,689,2025-06-27,792633.12
INV00433,PROD0194,WH10,529,379,616,2025-05-03,1073462.67
INV00434,PROD0013,WH05,3442,322,280,2025-12-08,7368702.44
INV00435,PROD0046,WH08,2153,1469,623,2025-06-20,403386.08
INV00436,PROD0155,WH09,1294,1274,289,2025-02-28,3136293.68
INV00437,PROD0113,WH11,1526,1294,139,2026-04-10,298821.32
INV00438,PROD0017,WH07,4774,679,281,2025-09-17,5903862.58
INV00439,PROD0104,WH07,2896,1242,506,2026-01-08,6431842.24
INV00440,PROD0098,WH01,3103,283,282,2025-04-05,6135251.6
INV00441,PROD0188,WH04,2440,1378,403,2025-05-05,2572565.2
INV00442,PROD0192,WH02,4135,764,382,2025-02-10,332950.2
INV00443,PROD0088,WH02,3802,818,488,2025-09-11,9033171.8
INV00444,PROD0109,WH02,844,556,424,2025-01-07,1309271.88
INV00445,PROD0163,WH04,446,1015,341,2026-04-16,57056.78
INV00446,PROD0070,WH01,3915,846,394,2026-05-26,7612286.85
INV00447,PROD0158,WH04,3109,642,713,2026-08-04,5421909.46
INV00448,PROD0199,WH02,1234,1292,477,2025-03-10,2992746.16
INV00449,PROD0074,WH05,226,722,706,2025-03-22,244317.3
INV00450,PROD0063,WH03,4143,342,179,2026-06-26,2965807.98
INV00451,PROD0156,WH12,2959,391,190,2026-08-08,3890789.1
INV00452,PROD0060,WH08,1830,577,464,2025-09-19,4017801.6
INV00453,PROD0079,WH04,3779,780,142,2025-03-30,4801408.45
INV00454,PROD0037,WH01,186,734,675,2025-07-27,182205.6
INV00455,PROD0022,WH01,2877,1232,333,2025-08-01,4446087.03
INV00456,PROD0196,WH12,2535,1494,704,2025-09-23,985582.65
INV00457,PROD0148,WH10,1932,292,272,2025-10-20,4685389.8
INV00458,PROD0096,WH03,2924,728,793,2025-07-26,5510716.6
INV00459,PROD0068,WH09,848,1377,512,2025-11-29,882216.8
INV00460,PROD0192,WH07,2032,604,594,2025-03-18,163616.64
INV00461,PROD0017,WH02,1252,1039,325,2025-10-15,1548310.84
INV00462,PROD0012,WH09,1881,1372,731,2025-02-16,218591.01
INV00463,PROD0150,WH10,269,1088,189,2025-07-19,599732.81
INV00464,PROD0145,WH02,1630,1490,406,2026-03-03,930143.2
INV00465,PROD0138,WH03,4405,621,762,2025-07-29,7172617.45
INV00466,PROD0118,WH11,3203,671,72,2026-02-24,7901160.4
INV00467,PROD0193,WH10,1574,1092,785,2025-06-03,1496102.74
INV00468,PROD0022,WH02,2892,746,319,2026-06-06,4469267.88
INV00469,PROD0120,WH03,1695,830,714,2026-02-19,1586604.75
INV00470,PROD0050,WH06,3258,1237,382,2025-12-19,5578575.66
INV00471,PROD0014,WH09,3262,977,134,2025-06-06,5752830.58
INV00472,PROD0192,WH09,1445,563,670,2025-09-18,116351.4
INV00473,PROD0175,WH07,219,318,80,2025-03-18,533565.03
INV00474,PROD0029,WH12,52,1461,790,2026-05-03,85896.2
INV00475,PROD0164,WH03,1757,745,289,2025-05-11,1253074.83
INV00476,PROD0180,WH04,1666,1392,412,2026-08-02,3394108.48
INV00477,PROD0125,WH06,2785,721,438,2026-03-31,2645777.85
INV00478,PROD0007,WH11,719,833,702,2025-06-12,646805.21
INV00479,PROD0029,WH05,405,1162,717,2025-01-15,668999.25
INV00480,PROD0139,WH02,2294,1157,348,2025-08-20,4287302.48
INV00481,PROD0033,WH06,71,1082,420,2025-07-14,5742.48
INV00482,PROD0134,WH03,2053,979,148,2026-06-26,2421759.86
INV00483,PROD0111,WH08,1229,1070,96,2025-12-25,275308.29
INV00484,PROD0079,WH02,1567,715,471,2025-11-27,1990951.85
INV00485,PROD0160,WH01,3682,1137,529,2026-03-03,5797235.36
INV00486,PROD0179,WH09,2953,1065,628,2026-05-12,2315683.54
INV00487,PROD0058,WH12,4482,305,111,2026-05-01,7827319.98
INV00488,PROD0026,WH03,698,1308,158,2026-03-25,1096041.48
INV00489,PROD0174,WH11,826,413,728,2026-02-17,171948.42
INV00490,PROD0029,WH01,348,1344,598,2025-11-26,574843.8
INV00491,PROD0004,WH07,3908,1355,168,2025-05-27,5999288.04
INV00492,PROD0099,WH10,307,1049,647,2025-09-16,74186.55
INV00493,PROD0141,WH05,3416,396,431,2025-10-19,8218896.0
INV00494,PROD0039,WH05,2334,218,441,2025-05-23,2692875.84
INV00495,PROD0015,WH01,4861,841,101,2025-12-31,5800728.52
INV00496,PROD0119,WH09,4820,1235,652,2025-03-31,4555189.2
INV00497,PROD0029,WH07,2809,1304,338,2025-06-13,4640046.65
INV00498,PROD0157,WH08,3558,529,386,2026-04-26,5618295.48
INV00499,PROD0075,WH09,4478,1065,253,2025-03-25,8422714.98
INV00500,PROD0116,WH06,3477,973,287,2025-03-18,755030.55
INV00501,PROD0032,WH12,4620,591,431,2026-06-01,7444714.2
INV00502,PROD0130,WH05,2686,836,716,2026-04-30,6089940.94
INV00503,PROD0175,WH06,2985,506,185,2026-08-13,7272564.45
INV00504,PROD0084,WH11,275,1490,456,2026-08-26,11530.75
INV00505,PROD0022,WH02,2547,1094,557,2026-08-22,3936108.33
INV00506,PROD0027,WH04,2764,851,411,2025-04-14,3497261.56
INV00507,PROD0195,WH03,336,1040,430,2026-03-28,829375.68
INV00508,PROD0081,WH07,1973,1225,625,2026-05-02,1598761.36
INV00509,PROD0126,WH09,2979,719,684,2025-12-05,662827.5
INV00510,PROD0184,WH05,4576,835,303,2026-07-20,9422029.76
INV00511,PROD0092,WH06,3968,939,526,2026-04-23,4481419.52
INV00512,PROD0021,WH10,910,668,163,2026-08-30,914804.8
INV00513,PROD0047,WH12,1996,411,69,2025-08-11,529798.28
INV00514,PROD0101,WH12,3129,1335,577,2025-01-09,494475.87
INV00515,PROD0187,WH02,4204,1231,194,2025-02-22,6471385.36
INV00516,PROD0084,WH03,3757,1003,257,2025-03-18,157531.01
INV00517,PROD0006,WH03,327,676,580,2026-05-18,206209.47
INV00518,PROD0147,WH12,1799,1073,425,2025-11-12,81314.8
INV00519,PROD0185,WH12,314,659,553,2025-06-14,745828.5
INV00520,PROD0197,WH09,3545,452,215,2025-10-06,5287048.45
INV00521,PROD0131,WH07,1134,951,599,2025-01-27,330368.22
INV00522,PROD0001,WH08,2746,1180,230,2025-03-11,6557008.64
INV00523,PROD0058,WH11,4876,1053,666,2025-08-06,8515397.64
INV00524,PROD0124,WH10,1520,435,661,2025-12-31,2868452.8
INV00525,PROD0166,WH11,155,677,651,2025-11-02,345233.05
INV00526,PROD0015,WH09,1724,878,493,2025-05-04,2057283.68
INV00527,PROD0162,WH06,3343,1243,381,2025-01-19,7536392.34
INV00528,PROD0189,WH04,886,415,552,2025-09-14,2066887.38
INV00529,PROD0163,WH12,3073,1054,128,2025-10-23,393128.89
INV00530,PROD0064,WH01,2805,334,634,2025-01-22,1278911.7
INV00531,PROD0025,WH08,721,1104,737,2026-03-26,682001.11
INV00532,PROD0024,WH07,912,1352,445,2026-07-06,116352.96
INV00533,PROD0012,WH02,3357,609,657,2026-07-04,390116.97
INV00534,PROD0018,WH08,870,1469,152,2025-02-17,1036674.6
INV00535,PROD0015,WH12,4108,285,451,2026-08-10,4902158.56
INV00536,PROD0027,WH05,497,755,273,2025-07-02,628849.13
INV00537,PROD0072,WH07,1756,577,567,2026-03-11,4087845.08
INV00538,PROD0060,WH04,1117,1274,683,2025-04-17,2452395.84
INV00539,PROD0174,WH05,3409,441,285,2025-07-07,709651.53
INV00540,PROD0145,WH08,2828,1119,476,2025-03-27,1613769.92
INV00541,PROD0093,WH01,1647,465,165,2026-04-01,1224758.61
INV00542,PROD0053,WH01,2983,1343,212,2025-05-17,6307613.16
INV00543,PROD0008,WH04,142,911,275,2025-12-02,269551.5
INV00544,PROD0079,WH03,2761,1471,279,2026-08-30,3507988.55
INV00545,PROD0027,WH10,3435,269,231,2026-04-14,4346271.15
INV00546,PROD0174,WH12,4660,256,298,2026-08-25,970072.2
INV00547,PROD0050,WH02,2431,238,367,2026-07-25,4162528.37
INV00548,PROD0199,WH12,4512,1000,259,2026-02-07,10942682.88
INV00549,PROD0131,WH03,1848,1241,705,2026-06-24,538377.84
INV00550,PROD0093,WH11,2696,931,441,2025-03-13,2004826.48
INV00551,PROD0192,WH11,1717,1024,145,2025-01-24,138252.84
INV00552,PROD0172,WH11,3072,955,135,2026-04-30,2743541.76
INV00553,PROD0181,WH01,1067,551,464,2025-02-25,1831569.52
INV00554,PROD0024,WH01,2786,482,443,2025-08-11,355437.88
INV00555,PROD0060,WH06,3791,309,745,2025-06-28,8323216.32
INV00556,PROD0122,WH05,1288,1216,682,2026-03-10,3051156.08
INV00557,PROD0131,WH08,3871,1403,550,2026-03-26,1127738.43
INV00558,PROD0148,WH02,1806,743,653,2026-05-07,4379820.9
INV00559,PROD0046,WH04,1504,224,631,2025-07-08,281789.44
INV00560,PROD0015,WH08,3308,1042,182,2026-08-01,3947502.56
INV00561,PROD0153,WH12,2951,990,698,2026-02-24,585419.38
INV00562,PROD0199,WH06,71,937,363,2025-09-06,172192.04
INV00563,PROD0017,WH01,1690,256,748,2026-08-11,2089972.3
INV00564,PROD0126,WH04,1344,379,270,2025-06-13,299040.0
INV00565,PROD0084,WH01,3303,431,487,2025-09-12,138494.79
INV00566,PROD0009,WH02,3113,542,95,2026-04-21,158047.01
INV00567,PROD0166,WH05,882,676,241,2026-02-21,1964487.42
INV00568,PROD0176,WH08,4234,775,569,2025-06-19,10439900.82
INV00569,PROD0188,WH08,2662,654,428,2025-11-13,2806626.46
INV00570,PROD0063,WH11,1504,1455,740,2025-06-23,1076653.44
INV00571,PROD0117,WH03,2463,488,383,2026-04-15,556194.66
INV00572,PROD0130,WH11,2553,1436,88,2025-12-11,5788391.37
INV00573,PROD0088,WH04,732,457,342,2026-03-21,1739158.8
INV00574,PROD0072,WH10,1748,729,739,2025-01-18,4069221.64
INV00575,PROD0139,WH11,3924,886,211,2025-03-11,7333642.08
INV00576,PROD0064,WH06,423,1128,380,2025-12-04,192862.62
INV00577,PROD0072,WH11,3478,428,153,2026-08-15,8096540.54
INV00578,PROD0021,WH11,1591,1449,210,2026-06-11,1599400.48
INV00579,PROD0018,WH10,4485,795,684,2026-04-01,5344236.3
INV00580,PROD0064,WH03,4437,634,103,2025-09-26,2023005.78
INV00581,PROD0082,WH02,4709,1081,83,2025-07-07,10549949.42
INV00582,PROD0110,WH06,492,1220,291,2026-07-23,131014.68
INV00583,PROD0095,WH11,191,601,162,2026-06-13,322066.11
INV00584,PROD0166,WH05,498,821,367,2026-03-10,1109200.38
INV00585,PROD0032,WH10,4917,287,72,2025-10-15,7923302.97
INV00586,PROD0011,WH05,1256,783,607,2026-07-21,162425.92
INV00587,PROD0045,WH10,1968,508,696,2026-05-14,987030.72
INV00588,PROD0033,WH05,4322,1105,167,2026-03-17,349563.36
INV00589,PROD0102,WH10,2186,542,750,2025-10-30,3017947.88
INV00590,PROD0169,WH12,816,635,692,2025-03-28,574700.64
INV00591,PROD0136,WH05,3220,376,261,2026-03-14,999037.2
INV00592,PROD0011,WH03,1473,338,467,2026-06-25,190488.36
INV00593,PROD0179,WH07,1086,393,162,2025-01-22,851619.48
INV00594,PROD0088,WH06,4199,1409,93,2026-07-14,9976404.1
INV00595,PROD0041,WH04,1874,1441,177,2026-06-01,4412407.96
INV00596,PROD0145,WH02,870,1387,207,2026-05-18,496456.8
INV00597,PROD0076,WH12,4763,1384,443,2026-04-12,9002260.52
INV00598,PROD0121,WH09,2042,1142,561,2025-04-11,4155082.02
INV00599,PROD0046,WH01,272,724,94,2026-08-06,50961.92
INV00600,PROD0160,WH11,1029,1265,157,2025-05-21,1620139.92
INV00601,PROD0080,WH04,3218,1114,268,2025-05-18,6657237.5
INV00602,PROD0054,WH01,4069,409,492,2026-08-01,296345.27
INV00603,PROD0086,WH06,1051,940,364,2025-08-16,254184.35
INV00604,PROD0092,WH04,4033,1061,226,2025-10-08,4554829.87
INV00605,PROD0148,WH05,1573,1498,277,2026-03-07,3814760.95
INV00606,PROD0161,WH05,3190,1153,752,2025-02-09,4679793.8
INV00607,PROD0168,WH09,4388,1474,721,2026-06-03,6827859.64
INV00608,PROD0160,WH01,3797,1032,316,2025-07-30,5978300.56
INV00609,PROD0097,WH02,3289,339,428,2025-10-29,6519028.23
INV00610,PROD0002,WH06,3747,991,538,2025-03-27,6926966.49
INV00611,PROD0033,WH05,2105,745,751,2026-02-01,170252.4
INV00612,PROD0158,WH11,307,1216,736,2025-09-10,535389.58
INV00613,PROD0161,WH07,3359,256,339,2026-06-17,4927720.18
INV00614,PROD0077,WH03,3176,311,406,2026-01-16,861521.76
INV00615,PROD0116,WH03,1251,204,706,2026-03-20,271654.65
INV00616,PROD0154,WH10,2747,1405,793,2025-02-02,3821983.51
INV00617,PROD0150,WH02,1517,1236,253,2025-09-17,3382136.33
INV00618,PROD0103,WH03,1378,1482,262,2025-08-22,1532611.6
INV00619,PROD0194,WH10,4891,289,601,2026-05-30,9924963.93
INV00620,PROD0166,WH01,4992,815,372,2025-11-04,11118731.52
INV00621,PROD0103,WH05,1961,1090,643,2025-03-11,2181024.2
INV00622,PROD0090,WH12,4305,897,230,2026-03-30,6199156.95
INV00623,PROD0174,WH05,2863,1473,548,2026-03-15,595990.71
INV00624,PROD0122,WH12,2656,1478,369,2025-12-30,6291824.96
INV00625,PROD0143,WH11,2494,1097,132,2026-04-26,1808125.06
INV00626,PROD0106,WH07,4567,1170,352,2025-05-24,1397090.97
INV00627,PROD0119,WH04,4005,1331,311,2025-01-24,3784965.3
INV00628,PROD0172,WH03,3563,867,249,2026-03-01,3182044.04
INV00629,PROD0049,WH01,922,793,289,2025-06-24,230214.18
INV00630,PROD0104,WH12,4232,788,741,2025-11-21,9399018.08
INV00631,PROD0061,WH08,4462,684,732,2025-12-14,8217442.3
INV00632,PROD0195,WH03,2959,1181,344,2025-01-18,7303936.42
INV00633,PROD0123,WH02,183,1171,561,2025-02-13,451133.43
INV00634,PROD0134,WH11,3358,1481,738,2025-06-04,3961163.96
INV00635,PROD0009,WH04,1398,838,445,2026-01-12,70976.46
INV00636,PROD0006,WH03,2796,1196,798,2026-02-06,1763185.56
INV00637,PROD0073,WH01,536,481,187,2025-08-13,1151413.76
INV00638,PROD0103,WH03,1273,1185,178,2025-08-05,1415830.6
INV00639,PROD0160,WH12,2967,1311,98,2026-07-22,4671482.16
INV00640,PROD0041,WH02,3049,1427,725,2025-01-31,7178992.46
INV00641,PROD0114,WH08,1096,215,342,2025-02-28,2254822.72
INV00642,PROD0008,WH06,1305,1374,677,2025-12-19,2477216.25
INV00643,PROD0072,WH09,915,1135,585,2026-03-21,2130055.95
INV00644,PROD0178,WH08,3081,453,360,2025-08-23,4150723.2
INV00645,PROD0092,WH10,4247,1411,586,2025-04-17,4796519.33
INV00646,PROD0062,WH03,1028,528,688,2025-07-10,2067976.2
INV00647,PROD0084,WH05,1977,743,283,2026-06-14,82895.61
INV00648,PROD0062,WH07,3354,982,258,2026-08-06,6747074.1
INV00649,PROD0111,WH05,2511,1196,654,2026-07-20,562489.11
INV00650,PROD0127,WH08,270,1044,143,2025-09-02,525476.7
INV00651,PROD0007,WH12,1186,1392,376,2025-03-17,1066913.74
INV00652,PROD0084,WH05,4555,565,274,2026-07-01,190991.15
INV00653,PROD0132,WH01,4200,1401,60,2025-09-24,5204514.0
INV00654,PROD0134,WH05,3764,854,378,2025-11-13,4440089.68
INV00655,PROD0058,WH04,2398,959,61,2025-05-01,4187843.22
INV00656,PROD0022,WH06,4529,838,84,2025-01-25,6999071.31
INV00657,PROD0154,WH03,4235,1263,496,2026-03-08,5892282.55
INV00658,PROD0127,WH11,4182,1123,501,2025-06-09,8139050.22
INV00659,PROD0003,WH05,1711,615,789,2026-08-19,2382687.27
INV00660,PROD0127,WH02,2230,454,269,2025-04-24,4340048.3
INV00661,PROD0041,WH11,128,1366,490,2026-05-17,301381.12
INV00662,PROD0188,WH06,1269,909,702,2025-06-15,1337944.77
INV00663,PROD0106,WH12,3672,776,584,2025-06-24,1123301.52
INV00664,PROD0014,WH06,1601,1099,644,2025-01-01,2823507.59
INV00665,PROD0012,WH05,4765,210,278,2025-03-27,553740.65
INV00666,PROD0087,WH06,3970,225,393,2026-07-28,3209705.3
INV00667,PROD0012,WH11,4244,1156,129,2025-11-16,493195.24
INV00668,PROD0141,WH07,4947,620,402,2026-02-05,11902482.0
INV00669,PROD0025,WH12,627,1444,445,2026-01-17,593085.57
INV00670,PROD0045,WH05,3797,695,339,2025-11-14,1904347.38
INV00671,PROD0122,WH01,2044,1460,504,2025-09-07,4842052.04
INV00672,PROD0147,WH08,3552,436,720,2026-06-09,160550.4
INV00673,PROD0055,WH04,4979,1208,177,2026-07-09,10151932.05
INV00674,PROD0100,WH09,2341,418,751,2025-09-13,2911337.83
INV00675,PROD0173,WH10,3214,660,592,2025-11-03,4709763.46
INV00676,PROD0136,WH12,249,862,408,2025-05-24,77254.74
INV00677,PROD0119,WH06,2925,834,576,2026-01-26,2764300.5
INV00678,PROD0053,WH01,974,1367,362,2025-06-18,2059542.48
INV00679,PROD0183,WH03,1325,1189,124,2025-10-25,3019211.25
INV00680,PROD0032,WH03,983,388,595,2025-08-21,1584016.03
INV00681,PROD0051,WH10,888,454,245,2025-09-28,170407.2
INV00682,PROD0044,WH12,2937,267,78,2025-03-01,6651717.6
INV00683,PROD0082,WH12,2117,815,755,2025-10-23,4742884.46
INV00684,PROD0198,WH04,2672,535,65,2026-04-12,2569154.72
INV00685,PROD0146,WH06,4970,870,472,2025-08-23,11970791.7
INV00686,PROD0150,WH07,1326,1020,638,2025-08-22,2956303.74
INV00687,PROD0037,WH10,470,1073,642,2026-01-03,460412.0
INV00688,PROD0096,WH04,1987,499,454,2025-08-20,3744799.55
INV00689,PROD0056,WH06,90,556,685,2026-05-06,64386.9
INV00690,PROD0105,WH11,529,455,580,2026-05-18,469233.58
INV00691,PROD0059,WH01,4756,1207,663,2026-08-15,7504587.52
INV00692,PROD0131,WH08,4059,552,126,2026-01-16,1182508.47
INV00693,PROD0156,WH07,4834,723,278,2026-03-04,6356226.6
INV00694,PROD0035,WH11,2773,1149,346,2025-12-30,6520626.31
INV00695,PROD0189,WH11,4967,955,559,2025-07-21,11587166.61
INV00696,PROD0093,WH09,1686,483,764,2025-05-26,1253760.18
INV00697,PROD0182,WH03,191,298,622,2026-04-02,80048.1
INV00698,PROD0191,WH02,1986,396,587,2025-05-15,252956.82
INV00699,PROD0097,WH01,3623,681,632,2025-09-21,7181039.61
INV00700,PROD0135,WH03,2185,1077,664,2025-03-05,338478.35
INV00701,PROD0076,WH05,4440,1449,375,2026-05-06,8391777.6
INV00702,PROD0049,WH11,1008,814,412,2025-02-10,251687.52
INV00703,PROD0094,WH02,3783,817,718,2025-10-23,3146434.59
INV00704,PROD0159,WH12,4298,567,408,2025-01-03,4919189.94
INV00705,PROD0186,WH03,4668,769,755,2025-04-20,8488337.88
INV00706,PROD0189,WH04,4287,789,373,2025-08-09,10000842.21
INV00707,PROD0024,WH07,2052,1298,747,2026-01-05,261794.16
INV00708,PROD0148,WH03,3308,1265,375,2026-01-03,8022396.2
INV00709,PROD0037,WH09,1716,621,674,2026-03-12,1680993.6
INV00710,PROD0004,WH08,310,1035,214,2025-01-04,475890.3
INV00711,PROD0108,WH04,4538,1404,622,2025-09-01,8655554.3
INV00712,PROD0126,WH01,1260,744,653,2025-06-15,280350.0
INV00713,PROD0020,WH01,4965,270,504,2025-01-26,5427340.8
INV00714,PROD0188,WH01,3932,1328,202,2026-01-30,4145625.56
INV00715,PROD0152,WH01,3268,1423,786,2026-04-19,8112875.36
INV00716,PROD0050,WH08,584,1324,176,2025-01-17,999965.68
INV00717,PROD0177,WH03,2799,967,242,2025-04-02,4898054.07
INV00718,PROD0179,WH06,359,506,676,2026-04-28,281520.62
INV00719,PROD0096,WH03,2866,576,579,2026-06-27,5401406.9
INV00720,PROD0105,WH11,2011,854,59,2025-07-24,1783797.22
INV00721,PROD0164,WH05,4939,877,141,2026-05-17,3522445.41
INV00722,PROD0117,WH07,4006,598,188,2026-02-04,904634.92
INV00723,PROD0098,WH02,1625,420,530,2025-07-26,3212950.0
INV00724,PROD0066,WH06,2764,381,498,2025-05-26,5583224.72
INV00725,PROD0079,WH06,890,506,382,2025-04-11,1130789.5
INV00726,PROD0162,WH11,731,721,389,2025-08-29,1647951.78
INV00727,PROD0164,WH03,3961,1213,101,2025-06-12,2824945.59
INV00728,PROD0006,WH06,4701,203,756,2025-06-22,2964497.61
INV00729,PROD0039,WH10,2504,1062,515,2026-05-17,2889015.04
INV00730,PROD0170,WH10,614,1047,767,2026-07-01,296242.72
INV00731,PROD0115,WH05,3806,1003,524,2025-10-11,6736658.06
INV00732,PROD0186,WH12,1719,414,450,2025-12-25,3125846.79
INV00733,PROD0125,WH02,4769,1171,488,2026-01-16,4530597.69
INV00734,PROD0012,WH09,1587,300,654,2026-06-17,184425.27
INV00735,PROD0131,WH08,1611,1162,706,2025-06-12,469332.63
INV00736,PROD0018,WH03,896,772,647,2025-11-03,1067655.68
INV00737,PROD0040,WH08,277,857,558,2025-12-05,379728.22
INV00738,PROD0021,WH09,4647,1138,202,2025-02-24,4671536.16
INV00739,PROD0143,WH03,1636,1286,563,2025-11-29,1186083.64
INV00740,PROD0099,WH03,2158,425,552,2025-05-07,521480.7
INV00741,PROD0026,WH02,2432,304,725,2025-08-31,3818872.32
INV00742,PROD0008,WH08,3904,971,55,2026-08-23,7410768.0
INV00743,PROD0100,WH10,4856,1478,549,2026-02-13,6039067.28
INV00744,PROD0087,WH01,3262,628,710,2026-05-18,2637294.38
INV00745,PROD0042,WH08,1449,633,766,2026-08-27,1412007.03
INV00746,PROD0172,WH07,4500,1430,167,2025-10-30,4018860.0
INV00747,PROD0014,WH07,1232,1251,534,2026-04-09,2172742.88
INV00748,PROD0078,WH03,4117,881,650,2025-08-23,9295527.28
INV00749,PROD0002,WH01,677,787,715,2025-02-07,1251549.59
INV00750,PROD0119,WH04,2658,1292,728,2025-05-19,2511969.48
INV00751,PROD0037,WH09,2028,1065,517,2025-07-14,1986628.8
INV00752,PROD0069,WH05,3758,945,210,2026-06-11,3530490.68
INV00753,PROD0166,WH01,4624,1390,319,2025-01-01,10299081.44
INV00754,PROD0041,WH05,2037,1063,105,2026-07-15,4796197.98
INV00755,PROD0062,WH08,2649,567,277,2025-04-06,5328860.85
INV00756,PROD0060,WH08,656,450,198,2026-02-17,1440261.12
INV00757,PROD0125,WH05,165,1058,95,2026-06-22,156751.65
INV00758,PROD0111,WH12,4944,1055,193,2026-03-05,1107505.44
INV00759,PROD0014,WH09,4591,1393,799,2025-08-23,8096641.69
INV00760,PROD0084,WH01,589,1313,681,2025-12-15,24696.77
INV00761,PROD0130,WH04,4524,760,389,2026-04-26,10257219.96
INV00762,PROD0070,WH03,2821,493,462,2026-01-31,5485124.19
INV00763,PROD0145,WH02,4258,1118,781,2025-12-17,2429785.12
INV00764,PROD0123,WH08,1262,1373,569,2026-02-20,3111095.02
INV00765,PROD0089,WH07,71,1355,393,2025-02-20,168785.46
INV00766,PROD0028,WH09,3516,632,436,2025-03-22,7536124.08
INV00767,PROD0066,WH02,4750,258,522,2025-02-05,9594905.0
INV00768,PROD0163,WH04,3580,1168,324,2025-03-08,457989.4
INV00769,PROD0005,WH06,268,1035,402,2026-04-26,283466.28
INV00770,PROD0193,WH11,1776,398,115,2026-04-13,1688105.76
INV00771,PROD0168,WH03,2462,414,128,2025-05-22,3830945.86
INV00772,PROD0184,WH08,1268,1097,647,2025-12-22,2610824.68
INV00773,PROD0164,WH03,1015,671,685,2026-04-16,723887.85
INV00774,PROD0045,WH12,2722,446,251,2026-08-14,1365191.88
INV00775,PROD0151,WH02,1083,581,711,2026-03-15,1436426.22
INV00776,PROD0047,WH03,4101,1190,607,2026-06-15,1088528.43
INV00777,PROD0031,WH11,406,1462,162,2025-05-07,77286.16
INV00778,PROD0139,WH06,3076,1126,140,2025-07-24,5748797.92
INV00779,PROD0010,WH02,985,1391,190,2025-01-29,298888.4
INV00780,PROD0195,WH08,3603,759,338,2026-03-21,8893573.14
INV00781,PROD0118,WH01,4485,1274,779,2026-04-09,11063598.0
INV00782,PROD0014,WH07,709,888,638,2025-10-07,1250385.31
INV00783,PROD0080,WH02,2618,579,460,2025-05-31,5415987.5
INV00784,PROD0093,WH10,4849,673,426,2025-08-28,3605861.87
INV00785,PROD0010,WH12,1411,1303,433,2025-09-23,428153.84
INV00786,PROD0076,WH06,4621,896,201,2025-04-15,8733874.84
INV00787,PROD0094,WH12,1485,1110,676,2026-03-09,1235119.05
INV00788,PROD0105,WH02,2950,1159,368,2026-05-12,2616709.0
INV00789,PROD0001,WH02,4651,677,418,2026-03-16,11105843.84
INV00790,PROD0133,WH10,2934,1203,655,2025-06-07,126778.14
INV00791,PROD0020,WH08,4114,1125,609,2025-06-21,4497095.68
INV00792,PROD0008,WH12,4670,906,752,2026-05-09,8864827.5
INV00793,PROD0171,WH02,1003,1437,511,2025-11-07,1170791.87
INV00794,PROD0001,WH07,2466,1053,61,2026-02-07,5888413.44
INV00795,PROD0057,WH03,2466,1337,205,2026-04-08,761106.24
INV00796,PROD0064,WH08,1938,1216,733,2026-01-02,883611.72
INV00797,PROD0118,WH07,1939,953,526,2026-07-04,4783125.2
INV00798,PROD0028,WH08,1635,702,450,2025-09-12,3504426.3
INV00799,PROD0121,WH07,1698,1016,226,2025-07-27,3455107.38
INV00800,PROD0107,WH11,4527,787,390,2026-03-26,1676483.91
INV00801,PROD0165,WH06,2091,907,106,2025-04-05,4969826.07
INV00802,PROD0175,WH07,1895,1267,497,2026-04-23,4616921.15
INV00803,PROD0165,WH05,4240,1469,252,2025-07-09,10077504.8
INV00804,PROD0049,WH07,3398,1307,746,2026-04-29,848446.62
INV00805,PROD0120,WH01,1073,406,682,2026-06-20,1004381.65
INV00806,PROD0044,WH01,2402,350,787,2026-02-27,5440049.6
INV00807,PROD0056,WH09,4895,867,251,2026-08-28,3501931.95
INV00808,PROD0156,WH05,3212,727,379,2025-05-13,4223458.8
INV00809,PROD0111,WH05,4037,364,412,2025-02-24,904328.37
INV00810,PROD0134,WH03,1151,1116,503,2026-05-25,1357742.62
INV00811,PROD0108,WH05,2445,1368,405,2026-06-25,4663470.75
INV00812,PROD0189,WH03,1956,1209,265,2026-02-14,4563015.48
INV00813,PROD0148,WH09,4558,236,604,2025-07-30,11053833.7
INV00814,PROD0114,WH09,3907,532,72,2025-10-20,8037949.24
INV00815,PROD0078,WH06,807,602,204,2025-04-25,1822076.88
INV00816,PROD0130,WH01,186,613,235,2025-09-16,421715.94
INV00817,PROD0037,WH07,4827,244,298,2025-05-02,4728529.2
INV00818,PROD0020,WH07,4524,405,798,2025-10-26,4945274.88
INV00819,PROD0026,WH10,1307,261,183,2026-01-16,2052329.82
INV00820,PROD0029,WH10,2284,619,370,2026-07-15,3772825.4
INV00821,PROD0001,WH04,4866,1067,439,2026-05-16,11619229.44
INV00822,PROD0119,WH08,757,1019,483,2025-10-24,715410.42
INV00823,PROD0035,WH06,4231,218,71,2025-12-28,9949069.57
INV00824,PROD0198,WH04,4887,564,649,2026-08-12,4698899.37
INV00825,PROD0059,WH04,3854,1230,714,2026-04-08,6081303.68
INV00826,PROD0069,WH02,4266,627,174,2026-03-14,4007736.36
INV00827,PROD0161,WH02,2206,1340,128,2025-05-07,3236246.12
INV00828,PROD0179,WH12,3558,779,100,2025-07-16,2790112.44
INV00829,PROD0012,WH04,1580,745,777,2025-08-09,183611.8
INV00830,PROD0020,WH05,961,524,225,2025-04-01,1050488.32
INV00831,PROD0181,WH08,3847,254,302,2026-02-15,6603606.32
INV00832,PROD0043,WH06,3575,977,295,2025-01-08,8592727.0
INV00833,PROD0126,WH04,875,1191,788,2026-06-28,194687.5
INV00834,PROD0050,WH11,2418,241,155,2026-04-13,4140268.86
INV00835,PROD0029,WH07,4198,430,242,2025-11-16,6934466.3
INV00836,PROD0185,WH08,1001,652,365,2026-01-29,2377625.25
INV00837,PROD0039,WH02,3384,593,351,2025-09-26,3904323.84
INV00838,PROD0184,WH12,4066,1351,597,2025-07-10,8371934.66
INV00839,PROD0171,WH07,2845,890,765,2025-03-02,3320940.05
INV00840,PROD0178,WH02,1481,591,317,2026-03-14,1995203.2
INV00841,PROD0151,WH02,3301,1416,219,2025-09-21,4378248.34
INV00842,PROD0172,WH08,657,803,600,2025-04-05,586753.56
INV00843,PROD0038,WH02,2780,1080,504,2026-07-07,4485724.6
INV00844,PROD0084,WH11,422,1301,700,2026-04-15,17694.46
INV00845,PROD0151,WH09,3681,284,341,2026-05-29,4882257.54
INV00846,PROD0128,WH12,4266,1253,613,2025-07-13,5983619.58
INV00847,PROD0126,WH01,2710,248,190,2026-04-27,602975.0
INV00848,PROD0045,WH09,452,1368,195,2025-12-02,226696.08
INV00849,PROD0052,WH01,2397,268,474,2026-03-11,1935937.05
INV00850,PROD0080,WH10,1975,1281,363,2025-07-15,4085781.25
INV00851,PROD0178,WH10,1657,896,233,2025-09-06,2232310.4
INV00852,PROD0124,WH02,2541,678,713,2026-05-13,4795222.74
INV00853,PROD0119,WH06,3075,1019,762,2025-07-31,2906059.5
INV00854,PROD0008,WH06,3164,1394,177,2026-04-11,6006063.0
INV00855,PROD0085,WH01,2966,346,336,2025-08-09,6717604.42
INV00856,PROD0129,WH07,2053,1215,302,2025-09-30,2195047.07
INV00857,PROD0008,WH08,287,808,749,2025-06-03,544797.75
INV00858,PROD0157,WH02,3217,645,435,2025-09-06,5079836.02
INV00859,PROD0096,WH08,3854,420,279,2025-10-06,7263441.1
INV00860,PROD0102,WH09,1447,1489,320,2026-03-16,1997699.26
INV00861,PROD0005,WH06,607,294,464,2025-10-03,642029.97
INV00862,PROD0086,WH05,4552,461,247,2026-05-29,1100901.2
INV00863,PROD0175,WH12,1764,1096,372,2025-03-29,4297756.68
INV00864,PROD0034,WH09,1225,1294,105,2026-05-20,1801546.25
INV00865,PROD0193,WH12,1235,418,252,2026-08-13,1173879.85
INV00866,PROD0055,WH11,1029,291,670,2025-08-29,2098079.55
INV00867,PROD0119,WH09,2671,326,677,2025-08-24,2524255.26
INV00868,PROD0171,WH01,3962,279,653,2025-05-08,4624802.98
INV00869,PROD0158,WH11,4542,1461,187,2026-05-18,7920975.48
INV00870,PROD0114,WH03,4930,1182,471,2025-07-19,10142587.6
INV00871,PROD0145,WH09,3177,1115,106,2026-06-27,1812923.28
INV00872,PROD0026,WH11,3722,685,611,2026-05-17,5844507.72
INV00873,PROD0136,WH02,4906,893,120,2026-05-07,1522135.56
INV00874,PROD0047,WH12,1475,224,643,2025-01-21,391509.25
INV00875,PROD0113,WH04,2896,355,421,2025-08-22,567094.72
INV00876,PROD0076,WH04,808,831,666,2026-02-20,1527152.32
INV00877,PROD0072,WH02,978,1280,649,2025-05-28,2276715.54
INV00878,PROD0089,WH03,2463,218,563,2025-01-29,5855191.38
INV00879,PROD0046,WH03,725,1416,133,2025-12-27,135836.0
INV00880,PROD0196,WH01,2501,436,92,2025-11-04,972363.79
INV00881,PROD0033,WH06,3362,476,715,2025-06-11,271918.56
INV00882,PROD0001,WH08,1216,1450,655,2025-03-02,2903613.44
INV00883,PROD0147,WH12,4051,944,182,2025-05-05,183105.2
INV00884,PROD0031,WH03,2197,751,444,2026-04-01,418220.92
INV00885,PROD0142,WH05,2806,1376,114,2025-03-12,2656019.3
INV00886,PROD0053,WH01,778,838,339,2026-04-11,1645096.56
INV00887,PROD0048,WH10,972,436,425,2025-08-31,58592.16
INV00888,PROD0069,WH07,2810,1197,516,2026-05-05,2639882.6
INV00889,PROD0105,WH10,2123,254,262,2025-08-09,1883143.46
INV00890,PROD0090,WH01,598,883,197,2026-04-18,861114.02
INV00891,PROD0190,WH12,3341,308,622,2026-06-17,7240514.97
INV00892,PROD0194,WH11,224,1407,520,2026-05-09,454547.52
INV00893,PROD0192,WH09,840,1421,198,2025-03-23,67636.8
INV00894,PROD0198,WH08,1814,572,137,2026-06-06,1744179.14
INV00895,PROD0063,WH07,4809,1172,373,2025-01-12,3442570.74
INV00896,PROD0073,WH10,1106,400,445,2025-09-20,2375864.96
INV00897,PROD0161,WH07,124,1048,453,2026-03-25,181910.48
INV00898,PROD0169,WH05,3246,708,131,2025-07-11,2286125.34
INV00899,PROD0089,WH05,2931,474,690,2025-04-24,6967749.06
INV00900,PROD0176,WH11,4125,410,335,2025-01-26,10171136.25
INV00901,PROD0013,WH05,2971,703,431,2026-05-14,6360376.22
INV00902,PROD0073,WH01,2017,1341,319,2026-05-23,4332838.72
INV00903,PROD0077,WH08,2415,902,341,2026-06-29,655092.9
INV00904,PROD0159,WH12,4590,241,502,2025-03-03,5253392.7
INV00905,PROD0068,WH11,3096,514,764,2025-08-17,3220923.6
INV00906,PROD0098,WH01,1609,987,73,2026-08-30,3181314.8
INV00907,PROD0125,WH04,717,528,360,2025-02-04,681157.17
INV00908,PROD0102,WH09,3561,1240,510,2026-04-01,4916245.38
INV00909,PROD0132,WH09,1016,482,257,2026-08-11,1258996.72
INV00910,PROD0102,WH05,3565,1142,766,2026-05-17,4921767.7
INV00911,PROD0019,WH04,4701,457,713,2026-08-18,2093872.41
INV00912,PROD0198,WH03,4470,774,487,2025-01-25,4297949.7
INV00913,PROD0082,WH03,1960,773,587,2026-07-23,4391144.8
INV00914,PROD0141,WH12,1048,811,755,2025-02-01,2521488.0
INV00915,PROD0023,WH05,1357,1242,385,2025-01-12,2161985.97
INV00916,PROD0083,WH10,3426,1036,471,2025-11-15,3364914.42
INV00917,PROD0109,WH01,115,622,799,2026-08-27,178396.05
INV00918,PROD0075,WH05,2095,957,370,2025-01-01,3940506.45
INV00919,PROD0129,WH06,1801,962,546,2026-03-11,1925611.19
INV00920,PROD0088,WH07,2146,1304,636,2025-05-16,5098681.4
INV00921,PROD0054,WH12,1620,623,212,2025-07-15,117984.6
INV00922,PROD0199,WH09,4780,628,590,2025-05-13,11592647.2
INV00923,PROD0089,WH03,2950,403,214,2025-03-27,7012917.0
INV00924,PROD0143,WH02,3792,395,747,2026-04-21,2749162.08
INV00925,PROD0065,WH03,2941,927,615,2025-11-20,5529903.48
INV00926,PROD0076,WH12,4905,484,344,2025-06-29,9270646.2
INV00927,PROD0199,WH09,977,395,91,2026-05-31,2369459.48
INV00928,PROD0143,WH12,3066,506,334,2025-06-24,2222819.34
INV00929,PROD0149,WH07,783,213,436,2025-01-21,95721.75
INV00930,PROD0147,WH09,240,1369,187,2025-04-15,10848.0
INV00931,PROD0060,WH02,1553,1280,236,2026-08-01,3409642.56
INV00932,PROD0093,WH05,4578,922,765,2026-03-19,3404338.14
INV00933,PROD0161,WH04,1012,979,480,2025-02-18,1484624.24
INV00934,PROD0049,WH02,186,1433,603,2026-06-12,46442.34
INV00935,PROD0035,WH09,1881,728,465,2025-05-25,4423115.07
INV00936,PROD0172,WH09,4586,997,475,2025-12-06,4095664.88
INV00937,PROD0102,WH06,430,543,465,2025-12-20,593649.4
INV00938,PROD0011,WH11,238,408,75,2025-03-16,30778.16
INV00939,PROD0099,WH06,2345,840,420,2026-08-01,566669.25
INV00940,PROD0200,WH08,75,451,434,2025-11-15,158075.25
INV00941,PROD0110,WH06,1356,1488,105,2025-03-28,361089.24
INV00942,PROD0074,WH01,4922,470,302,2026-07-07,5320928.1
INV00943,PROD0194,WH04,2330,1119,683,2025-02-11,4728105.9
INV00944,PROD0174,WH07,4686,618,155,2025-04-03,975484.62
INV00945,PROD0009,WH02,1902,994,179,2026-05-22,96564.54
INV00946,PROD0003,WH09,4013,1434,719,2026-06-13,5588383.41
INV00947,PROD0085,WH08,4670,1299,425,2025-09-22,10576942.9
INV00948,PROD0026,WH08,4987,924,792,2025-10-19,7830886.62
INV00949,PROD0072,WH07,2059,632,357,2026-04-09,4793207.87
INV00950,PROD0048,WH04,140,308,140,2026-07-14,8439.2
INV00951,PROD0194,WH02,1789,840,442,2025-04-07,3630292.47
INV00952,PROD0198,WH03,3626,1270,583,2025-04-05,3486435.26
INV00953,PROD0156,WH12,16,578,159,2025-11-22,21038.4
INV00954,PROD0117,WH06,4348,1319,610,2025-03-15,981865.36
INV00955,PROD0154,WH12,464,1157,690,2025-12-02,645577.12
INV00956,PROD0153,WH12,4471,302,634,2025-03-09,886956.98
INV00957,PROD0012,WH05,1827,1091,389,2025-03-18,212315.67
INV00958,PROD0133,WH12,3028,1053,614,2025-07-27,130839.88
INV00959,PROD0048,WH08,519,1369,405,2025-08-09,31285.32
INV00960,PROD0037,WH06,89,1250,217,2025-09-19,87184.4
INV00961,PROD0044,WH06,4815,729,606,2026-02-14,10905012.0
INV00962,PROD0015,WH01,2851,878,501,2025-11-27,3402155.32
INV00963,PROD0043,WH04,2843,1188,154,2025-12-10,6833321.08
INV00964,PROD0176,WH05,4725,1305,199,2025-03-15,11650574.25
INV00965,PROD0087,WH12,1884,627,195,2025-09-11,1523195.16
INV00966,PROD0070,WH11,4171,1021,765,2025-11-28,8110050.69
INV00967,PROD0046,WH03,925,1385,348,2026-02-02,173308.0
INV00968,PROD0108,WH09,3734,1131,216,2025-12-11,7122044.9
INV00969,PROD0123,WH01,969,1261,762,2026-08-07,2388788.49
INV00970,PROD0171,WH06,1094,710,695,2026-03-31,1277015.26
INV00971,PROD0021,WH06,3195,592,772,2025-04-25,3211869.6
INV00972,PROD0151,WH10,1404,912,97,2025-11-09,1862181.36
INV00973,PROD0107,WH05,3364,693,687,2025-08-16,1245790.12
INV00974,PROD0080,WH12,4290,1423,288,2025-09-02,8874937.5
INV00975,PROD0047,WH05,3982,1478,56,2026-06-10,1056942.26
INV00976,PROD0117,WH10,4323,1402,513,2026-06-12,976219.86
INV00977,PROD0124,WH05,4013,746,502,2026-03-03,7573092.82
INV00978,PROD0143,WH06,4556,793,420,2025-02-11,3303054.44
INV00979,PROD0025,WH08,4713,588,598,2026-04-10,4458073.83
INV00980,PROD0036,WH02,3092,357,536,2025-10-05,4468094.6
INV00981,PROD0051,WH06,4159,1227,260,2025-01-19,798112.1
INV00982,PROD0015,WH01,2074,366,214,2025-03-07,2474945.68
INV00983,PROD0068,WH04,284,1159,174,2025-06-16,295459.4
INV00984,PROD0021,WH10,4933,608,386,2026-08-08,4959046.24
INV00985,PROD0141,WH03,4926,1427,241,2026-02-07,11851956.0
INV00986,PROD0019,WH09,1187,393,779,2026-02-13,528701.67
INV00987,PROD0034,WH03,3969,434,263,2025-04-22,5837009.85
INV00988,PROD0078,WH06,2965,917,623,2025-10-01,6694495.6
INV00989,PROD0125,WH01,4319,1373,377,2026-02-11,4103093.19
INV00990,PROD0196,WH12,783,1382,430,2026-01-08,304422.57
INV00991,PROD0117,WH06,949,1015,722,2026-08-20,214303.18
INV00992,PROD0052,WH04,3939,603,627,2025-02-08,3181333.35
INV00993,PROD0027,WH08,44,1092,288,2025-04-15,55672.76
INV00994,PROD0157,WH11,1810,877,581,2025-11-20,2858098.6
INV00995,PROD0156,WH09,4566,267,749,2026-02-18,6003833.4
INV00996,PROD0035,WH04,2081,287,131,2026-03-05,4893409.07
INV00997,PROD0136,WH10,3498,416,412,2025-03-02,1085289.48
INV00998,PROD0144,WH12,829,200,554,2025-11-03,1801806.63
INV00999,PROD0106,WH10,1909,1358,251,2025-12-20,583982.19
INV01000,PROD0164,WH06,2581,339,553,2026-01-28,1840743.39
INV01001,PROD0158,WH01,691,817,693,2025-07-23,1205062.54
INV01002,PROD0146,WH04,4019,332,86,2025-09-15,9680203.59
INV01003,PROD0002,WH07,931,377,693,2026-05-01,1721111.77
INV01004,PROD0177,WH12,4936,1009,638,2026-06-01,8637654.48
INV01005,PROD0077,WH01,3406,579,650,2026-03-22,923911.56
INV01006,PROD0132,WH08,147,1107,451,2025-06-29,182157.99
INV01007,PROD0090,WH12,1032,857,755,2025-12-08,1486069.68
INV01008,PROD0089,WH10,1311,649,225,2025-05-13,3116587.86
INV01009,PROD0094,WH12,387,785,594,2026-03-19,321879.51
INV01010,PROD0007,WH11,3121,662,619,2025-09-10,2807620.39
INV01011,PROD0095,WH06,1873,1189,516,2025-09-22,3158271.33
INV01012,PROD0108,WH05,3588,1331,250,2025-04-03,6843571.8
INV01013,PROD0074,WH10,915,321,589,2026-02-15,989160.75
INV01014,PROD0039,WH11,1878,216,596,2025-05-18,2166761.28
INV01015,PROD0141,WH09,3748,1419,686,2025-07-27,9017688.0
INV01016,PROD0159,WH02,277,526,443,2026-07-27,317034.81
INV01017,PROD0071,WH05,1977,517,91,2025-11-03,1703976.3
INV01018,PROD0191,WH06,1859,1008,646,2025-09-23,236780.83
INV01019,PROD0056,WH07,3036,1475,442,2025-11-14,2171984.76
INV01020,PROD0170,WH05,3371,702,749,2025-04-23,1626440.08
INV01021,PROD0189,WH09,4713,318,672,2026-01-13,10994627.79
INV01022,PROD0042,WH01,2182,909,490,2026-03-30,2126293.54
INV01023,PROD0184,WH07,4675,244,666,2025-07-10,9625871.75
INV01024,PROD0036,WH10,1170,513,555,2026-03-16,1690708.5
INV01025,PROD0084,WH07,489,1402,369,2025-07-06,20503.77
INV01026,PROD0196,WH04,2525,617,602,2026-01-02,981694.75
INV01027,PROD0118,WH09,1182,755,264,2025-03-30,2915757.6
INV01028,PROD0007,WH12,4479,1301,120,2025-07-06,4029263.61
INV01029,PROD0054,WH11,4258,525,617,2025-05-12,310110.14
INV01030,PROD0129,WH05,2488,714,285,2026-07-14,2660144.72
INV01031,PROD0172,WH04,1876,413,330,2026-01-11,1675418.08
INV01032,PROD0120,WH07,2462,273,666,2025-04-09,2304555.1
INV01033,PROD0173,WH04,1630,708,211,2025-02-03,2388585.7
INV01034,PROD0106,WH03,287,531,240,2026-08-05,87796.17
INV01035,PROD0047,WH09,4282,1316,58,2025-06-20,1136571.26
INV01036,PROD0123,WH11,1907,887,109,2026-01-01,4701155.47
INV01037,PROD0141,WH08,1161,856,274,2025-02-28,2793366.0
INV01038,PROD0119,WH01,129,1492,749,2025-06-30,121912.74
INV01039,PROD0150,WH07,2363,1227,631,2025-01-19,5268284.87
INV01040,PROD0118,WH09,143,1361,336,2025-08-14,352752.4
INV01041,PROD0021,WH08,15,1454,218,2026-04-18,15079.2
INV01042,PROD0137,WH08,244,799,111,2025-04-05,74920.2
INV01043,PROD0026,WH06,926,1275,398,2025-10-24,1454060.76
INV01044,PROD0009,WH11,3178,524,491,2026-08-16,161347.06
INV01045,PROD0015,WH04,2176,1191,63,2025-06-24,2596664.32
INV01046,PROD0010,WH08,886,916,213,2025-08-10,268847.84
INV01047,PROD0122,WH03,340,922,469,2025-02-23,805429.4
INV01048,PROD0121,WH09,2051,476,569,2026-02-07,4173395.31
INV01049,PROD0125,WH02,3398,735,715,2025-11-14,3228133.98
INV01050,PROD0170,WH02,3950,351,597,2025-12-15,1905796.0
INV01051,PROD0072,WH12,305,1154,609,2026-03-19,710018.65
INV01052,PROD0152,WH12,907,458,646,2026-08-03,2251645.64
INV01053,PROD0049,WH07,2654,523,77,2026-06-24,662677.26
INV01054,PROD0154,WH12,3792,1216,757,2025-10-09,5275923.36
INV01055,PROD0091,WH10,4042,1068,495,2025-12-26,6407055.04
INV01056,PROD0037,WH04,1371,1391,257,2025-01-08,1343031.6
INV01057,PROD0068,WH10,320,887,519,2026-07-17,332912.0
INV01058,PROD0050,WH08,4654,509,765,2026-05-06,7968904.58
INV01059,PROD0152,WH09,4059,1002,153,2025-12-07,10076548.68
INV01060,PROD0019,WH07,1131,1279,791,2026-04-17,503758.71
INV01061,PROD0100,WH05,2578,819,475,2025-09-06,3206078.14
INV01062,PROD0060,WH08,4042,672,150,2025-08-23,8874291.84
INV01063,PROD0167,WH04,3367,660,590,2025-03-24,3862992.77
INV01064,PROD0089,WH02,817,1013,688,2025-04-03,1942221.42
INV01065,PROD0146,WH11,11,1045,571,2026-01-29,26494.71
INV01066,PROD0147,WH12,194,1364,155,2025-09-25,8768.8
INV01067,PROD0164,WH06,2537,866,728,2026-02-21,1809363.03
INV01068,PROD0183,WH09,2842,461,326,2026-08-06,6475923.3
INV01069,PROD0069,WH01,2229,1464,114,2026-06-13,2094056.34
INV01070,PROD0175,WH11,3009,554,237,2025-09-10,7331037.33
INV01071,PROD0049,WH10,4751,969,366,2025-05-02,1186277.19
INV01072,PROD0108,WH12,2077,379,187,2025-01-10,3961565.95
INV01073,PROD0161,WH07,3867,265,392,2025-11-12,5672966.34
INV01074,PROD0119,WH10,4873,1019,154,2025-09-30,4605277.38
INV01075,PROD0149,WH09,443,370,595,2025-11-02,54156.75
INV01076,PROD0150,WH10,297,673,429,2025-07-29,662158.53
INV01077,PROD0176,WH09,4903,733,159,2026-04-09,12089474.19
INV01078,PROD0037,WH10,844,1330,594,2026-02-20,826782.4
INV01079,PROD0143,WH11,1015,638,403,2025-08-04,735864.85
INV01080,PROD0163,WH03,1384,1034,792,2025-03-21,177055.12
INV01081,PROD0199,WH11,1397,426,366,2026-04-25,3388060.28
INV01082,PROD0160,WH05,553,641,315,2026-07-01,870687.44
INV01083,PROD0011,WH08,2350,595,743,2025-01-18,303902.0
INV01084,PROD0138,WH08,4516,927,114,2025-06-14,7353357.64
INV01085,PROD0078,WH04,1269,283,382,2026-06-09,2865198.96
INV01086,PROD0077,WH12,1260,1236,562,2025-07-21,341787.6
INV01087,PROD0185,WH11,184,892,182,2025-12-12,437046.0
INV01088,PROD0153,WH11,4563,692,641,2026-01-01,905207.94
INV01089,PROD0002,WH01,2410,1491,589,2026-03-24,4455294.7
INV01090,PROD0064,WH01,4431,1343,784,2026-05-28,2020270.14
INV01091,PROD0035,WH04,2209,1169,584,2025-11-15,5194397.23
INV01092,PROD0007,WH06,3672,552,545,2025-08-05,3303294.48
INV01093,PROD0085,WH08,4683,1280,670,2025-02-03,10606386.21
INV01094,PROD0146,WH06,1881,239,668,2025-09-23,4530595.41
INV01095,PROD0067,WH12,4296,839,706,2025-03-21,10638657.36
INV01096,PROD0042,WH09,521,372,418,2026-02-17,507698.87
INV01097,PROD0118,WH09,1887,458,700,2025-09-09,4654851.6
INV01098,PROD0125,WH02,2552,716,148,2025-01-12,2424425.52
INV01099,PROD0167,WH10,3809,929,366,2026-02-05,4370103.79
INV01100,PROD0169,WH01,4883,722,172,2025-10-09,3439048.07
INV01101,PROD0024,WH02,4155,1038,369,2025-04-22,530094.9
INV01102,PROD0188,WH05,4673,316,642,2026-01-13,4926884.09
INV01103,PROD0046,WH04,4416,383,544,2025-09-25,827381.76
INV01104,PROD0019,WH04,3479,1339,506,2025-10-25,1549581.39
INV01105,PROD0068,WH09,1409,361,571,2025-11-13,1465853.15
INV01106,PROD0102,WH11,1694,742,569,2026-07-24,2338702.52
INV01107,PROD0042,WH08,4664,1460,766,2026-05-24,4544928.08
INV01108,PROD0032,WH06,526,1038,364,2026-06-30,847601.66
INV01109,PROD0167,WH01,2660,1289,758,2025-12-31,3051844.6
INV01110,PROD0109,WH02,2172,1293,759,2026-07-01,3369358.44
INV01111,PROD0036,WH06,4966,646,591,2025-09-28,7176118.3
INV01112,PROD0097,WH11,279,615,528,2026-04-19,552997.53
INV01113,PROD0164,WH02,2964,731,69,2026-06-21,2113895.16
INV01114,PROD0131,WH10,3977,640,609,2025-08-22,1158619.41
INV01115,PROD0073,WH05,2669,937,179,2025-02-28,5733439.04
INV01116,PROD0136,WH05,2893,663,342,2025-09-08,897582.18
INV01117,PROD0097,WH06,1751,595,181,2025-03-27,3470604.57
INV01118,PROD0123,WH06,3981,910,405,2026-01-25,9814001.01
INV01119,PROD0070,WH06,4769,594,103,2025-06-29,9272795.91
INV01120,PROD0169,WH02,2361,525,436,2025-05-29,1662828.69
INV01121,PROD0196,WH10,4427,1314,314,2026-08-06,1721173.33
INV01122,PROD0013,WH03,4131,949,264,2025-05-01,8843727.42
INV01123,PROD0049,WH06,1708,1293,509,2026-08-28,426470.52
INV01124,PROD0060,WH08,2686,1389,507,2025-09-13,5897166.72
INV01125,PROD0130,WH12,2895,841,92,2025-11-05,6563804.55
INV01126,PROD0188,WH11,4535,413,635,2025-02-28,4781386.55
INV01127,PROD0005,WH12,2776,568,327,2025-03-10,2936202.96
INV01128,PROD0172,WH01,1119,248,179,2026-03-22,999356.52
INV01129,PROD0027,WH01,2988,1275,399,2026-01-23,3780686.52
INV01130,PROD0160,WH11,4259,1462,755,2025-03-27,6705710.32
INV01131,PROD0149,WH02,4243,332,593,2025-08-15,518706.75
INV01132,PROD0008,WH11,194,1198,155,2026-08-16,368260.5
INV01133,PROD0200,WH12,662,985,765,2025-07-03,1395277.54
INV01134,PROD0050,WH12,479,1389,50,2025-11-18,820177.33
INV01135,PROD0067,WH06,4218,572,633,2025-11-14,10445497.38
INV01136,PROD0044,WH09,1423,678,481,2026-07-20,3222810.4
INV01137,PROD0125,WH04,2708,1031,355,2026-02-03,2572627.08
INV01138,PROD0058,WH03,3175,849,576,2025-10-20,5544788.25
INV01139,PROD0003,WH12,3814,881,102,2025-10-20,5311261.98
INV01140,PROD0086,WH08,2014,887,569,2026-04-30,487085.9
INV01141,PROD0070,WH11,3789,281,379,2026-03-23,7367293.71
INV01142,PROD0130,WH10,4805,286,607,2026-02-16,10894328.45
INV01143,PROD0172,WH09,2443,424,374,2026-05-23,2181794.44
INV01144,PROD0002,WH12,911,215,163,2025-09-01,1684138.37
INV01145,PROD0102,WH11,3213,1021,196,2026-02-24,4435803.54
INV01146,PROD0035,WH05,2364,362,215,2025-06-03,5558875.08
INV01147,PROD0098,WH09,3629,713,428,2026-02-28,7175258.8
INV01148,PROD0030,WH02,3472,549,188,2025-09-30,1457858.08
INV01149,PROD0116,WH03,680,880,678,2026-06-04,147662.0
INV01150,PROD0008,WH07,4651,1315,348,2025-05-08,8828760.75
INV01151,PROD0150,WH07,609,380,325,2026-01-08,1357759.41
INV01152,PROD0044,WH06,2156,942,227,2026-07-22,4882908.8
INV01153,PROD0186,WH06,3866,859,403,2025-06-08,7029973.06
INV01154,PROD0036,WH02,371,1412,203,2026-07-25,536113.55
INV01155,PROD0197,WH10,615,692,250,2026-07-24,917217.15
INV01156,PROD0077,WH06,2253,1122,164,2025-06-25,611148.78
INV01157,PROD0031,WH04,4942,327,720,2025-07-30,940759.12
INV01158,PROD0047,WH12,4138,764,603,2026-03-23,1098349.34
INV01159,PROD0055,WH03,864,1410,117,2026-08-09,1761652.8
INV01160,PROD0106,WH11,1268,749,494,2025-06-16,387893.88
INV01161,PROD0190,WH02,784,652,494,2026-04-05,1699061.28
INV01162,PROD0158,WH01,4571,670,375,2025-12-23,7971549.74
INV01163,PROD0121,WH11,4178,1187,757,2025-10-31,8501436.18
INV01164,PROD0055,WH11,2237,937,651,2025-08-21,4561131.15
INV01165,PROD0144,WH05,4054,423,672,2025-11-23,8811247.38
INV01166,PROD0012,WH02,4895,353,408,2025-07-01,568847.95
INV01167,PROD0145,WH02,935,759,194,2025-11-30,533548.4
INV01168,PROD0144,WH07,3980,550,324,2025-01-29,8650410.6
INV01169,PROD0140,WH08,2338,1370,558,2025-04-03,3424398.46
INV01170,PROD0136,WH10,325,548,228,2025-11-26,100834.5
INV01171,PROD0003,WH08,1534,381,526,2025-07-03,2136202.38
INV01172,PROD0144,WH04,3480,836,463,2025-04-05,7563675.6
INV01173,PROD0030,WH01,3861,1217,202,2025-12-19,1621195.29
INV01174,PROD0023,WH11,1985,378,153,2025-09-22,3162521.85
INV01175,PROD0092,WH07,4932,1262,124,2025-01-19,5570151.48
INV01176,PROD0115,WH01,4603,971,177,2026-05-14,8147356.03
INV01177,PROD0104,WH11,2778,1093,760,2025-05-19,6169771.32
INV01178,PROD0118,WH04,1270,1226,715,2026-07-27,3132836.0
INV01179,PROD0005,WH08,640,1215,617,2026-06-09,676934.4
INV01180,PROD0104,WH02,4703,263,394,2025-09-12,10445080.82
INV01181,PROD0108,WH06,4078,228,580,2025-03-26,7778173.3
INV01182,PROD0065,WH06,4661,571,208,2026-04-03,8763985.08
INV01183,PROD0121,WH12,1367,296,587,2026-06-16,2781585.27
INV01184,PROD0030,WH09,4042,1426,475,2026-07-16,1697195.38
INV01185,PROD0149,WH05,2575,1192,730,2025-04-02,314793.75
INV01186,PROD0084,WH10,3603,220,72,2026-08-23,151073.79
INV01187,PROD0198,WH04,1581,934,96,2025-03-10,1520147.31
INV01188,PROD0150,WH05,1986,1325,574,2025-02-06,4427767.14
INV01189,PROD0200,WH12,2240,1269,778,2025-05-20,4721180.8
INV01190,PROD0032,WH12,3966,265,755,2026-07-20,6390852.06
INV01191,PROD0161,WH10,2105,802,193,2025-06-27,3088077.1
INV01192,PROD0016,WH11,128,1387,634,2025-05-17,33039.36
INV01193,PROD0038,WH05,4801,1334,717,2025-07-09,7746749.57
INV01194,PROD0142,WH08,3996,537,638,2025-12-08,3782413.8
INV01195,PROD0036,WH10,851,322,468,2026-07-13,1229737.55
INV01196,PROD0151,WH12,4103,646,730,2025-01-05,5441973.02
INV01197,PROD0114,WH08,2076,810,134,2025-09-14,4270996.32
INV01198,PROD0066,WH02,2994,870,465,2025-08-31,6047820.12
INV01199,PROD0105,WH07,3744,814,743,2026-02-19,3321002.88
INV01200,PROD0085,WH08,2756,1096,531,2025-12-09,6241981.72
INV01201,PROD0002,WH11,1644,480,505,2026-01-14,3039213.48
INV01202,PROD0193,WH06,4371,1266,346,2026-08-17,4154679.21
INV01203,PROD0075,WH05,3144,795,161,2025-05-26,5913581.04
INV01204,PROD0067,WH11,242,902,279,2025-11-19,599291.22
INV01205,PROD0180,WH09,4085,1274,145,2025-05-02,8322288.8
INV01206,PROD0190,WH03,170,409,729,2025-09-09,368418.9
INV01207,PROD0151,WH12,652,325,427,2025-11-07,864773.68
INV01208,PROD0154,WH10,3512,691,205,2026-08-24,4886350.96
INV01209,PROD0196,WH04,1499,1159,470,2026-04-20,582796.21
INV01210,PROD0055,WH09,2099,1169,154,2026-07-24,4279756.05
INV01211,PROD0006,WH06,2158,780,754,2026-05-07,1360856.38
INV01212,PROD0163,WH08,1972,976,379,2026-07-29,252277.96
INV01213,PROD0150,WH07,3925,457,488,2025-12-13,8750748.25
INV01214,PROD0171,WH11,2258,1411,181,2026-05-02,2635740.82
INV01215,PROD0143,WH02,4039,429,431,2026-04-18,2928234.61
INV01216,PROD0086,WH03,2035,388,187,2026-01-17,492164.75
INV01217,PROD0060,WH01,3271,209,319,2025-10-07,7181545.92
INV01218,PROD0101,WH09,857,1337,599,2025-03-13,135431.71
INV01219,PROD0012,WH07,3823,1299,445,2026-06-05,444270.83
INV01220,PROD0049,WH01,1049,875,606,2026-01-01,261924.81
INV01221,PROD0042,WH03,3990,701,513,2025-04-04,3888135.3
INV01222,PROD0166,WH04,298,284,724,2026-01-08,663738.38
INV01223,PROD0082,WH04,923,248,499,2025-12-05,2067870.74
INV01224,PROD0173,WH05,4232,1037,380,2026-03-13,6201530.48
INV01225,PROD0035,WH03,4306,1207,302,2025-12-02,10125429.82
INV01226,PROD0158,WH03,2799,888,730,2026-05-07,4881288.06
INV01227,PROD0158,WH01,4875,586,334,2025-02-09,8501707.5
INV01228,PROD0134,WH07,4062,1169,323,2025-12-25,4791616.44
INV01229,PROD0067,WH11,4045,1205,69,2026-07-28,10017078.45
INV01230,PROD0080,WH10,1802,417,288,2025-09-11,3727887.5
INV01231,PROD0007,WH01,2713,1204,319,2026-08-04,2440587.67
INV01232,PROD0180,WH02,4506,1453,467,2026-02-02,9179983.68
INV01233,PROD0014,WH04,2853,454,359,2025-06-19,5031522.27
INV01234,PROD0073,WH04,2657,435,80,2026-05-26,5707661.12
INV01235,PROD0143,WH05,4522,1249,153,2025-09-17,3278404.78
INV01236,PROD0149,WH11,3346,1484,731,2026-08-07,409048.5
INV01237,PROD0163,WH02,1471,470,235,2026-04-04,188185.03
INV01238,PROD0066,WH04,2949,322,177,2026-06-13,5956921.02
INV01239,PROD0091,WH01,941,855,259,2025-12-07,1491597.92
INV01240,PROD0130,WH02,1907,1480,463,2025-02-26,4323722.03
INV01241,PROD0163,WH01,4837,458,330,2025-08-06,618797.41
INV01242,PROD0020,WH10,1243,1147,302,2026-04-09,1358748.16
INV01243,PROD0010,WH10,4423,246,68,2025-09-04,1342115.12
INV01244,PROD0025,WH04,1466,1062,761,2026-01-08,1386704.06
INV01245,PROD0194,WH04,3957,724,781,2026-02-21,8029663.11
INV01246,PROD0025,WH07,1966,1087,185,2025-01-31,1859659.06
INV01247,PROD0054,WH10,375,407,272,2026-01-03,27311.25
INV01248,PROD0033,WH11,262,946,52,2026-07-13,21190.56
INV01249,PROD0164,WH11,4362,348,285,2025-04-18,3110934.78
INV01250,PROD0095,WH09,3388,637,514,2026-08-07,5712879.48
INV01251,PROD0014,WH09,3395,354,277,2026-02-22,5987388.05
INV01252,PROD0065,WH05,1944,1313,703,2026-02-02,3655264.32
INV01253,PROD0110,WH10,1893,557,548,2025-09-29,504086.97
INV01254,PROD0080,WH01,3634,1397,570,2025-04-26,7517837.5
INV01255,PROD0054,WH01,1652,1440,751,2026-08-09,120315.16
INV01256,PROD0125,WH06,4141,655,726,2025-09-13,3933991.41
INV01257,PROD0180,WH02,3892,975,188,2025-03-22,7929093.76
INV01258,PROD0131,WH08,599,828,325,2025-05-08,174506.67
INV01259,PROD0169,WH09,4815,1422,340,2025-08-23,3391156.35
INV01260,PROD0134,WH04,1912,1031,102,2026-07-07,2255433.44
INV01261,PROD0025,WH05,1292,685,736,2025-06-30,1222115.72
INV01262,PROD0141,WH11,600,732,159,2025-06-06,1443600.0
INV01263,PROD0117,WH08,380,399,764,2026-03-30,85811.6
INV01264,PROD0136,WH03,4213,570,697,2026-07-25,1307125.38
INV01265,PROD0149,WH05,3637,1213,53,2025-01-24,444623.25
INV01266,PROD0196,WH03,2163,1052,716,2026-04-18,840952.77
INV01267,PROD0025,WH12,4355,447,733,2026-02-04,4119438.05
INV01268,PROD0079,WH10,1098,987,96,2026-08-15,1395063.9
INV01269,PROD0068,WH03,365,463,143,2025-05-14,379727.75
INV01270,PROD0173,WH03,2570,1281,609,2026-02-25,3766052.3
INV01271,PROD0188,WH12,3419,230,262,2025-08-01,3604754.27
INV01272,PROD0012,WH07,2476,1472,485,2026-04-27,287735.96
INV01273,PROD0032,WH07,790,804,557,2025-12-14,1273013.9
INV01274,PROD0128,WH07,3569,1494,700,2025-06-15,5005986.47
INV01275,PROD0096,WH10,746,701,254,2025-12-14,1405948.9
INV01276,PROD0092,WH08,312,1307,430,2026-02-02,352369.68
INV01277,PROD0141,WH05,4633,1085,122,2026-08-06,11146998.0
INV01278,PROD0031,WH05,920,748,565,2026-03-11,175131.2
INV01279,PROD0078,WH04,1077,1038,125,2026-07-31,2431693.68
INV01280,PROD0020,WH07,2829,1316,126,2025-08-09,3092436.48
INV01281,PROD0146,WH10,2381,1047,459,2025-11-04,5734900.41
INV01282,PROD0060,WH04,3618,813,663,2026-04-11,7943391.36
INV01283,PROD0191,WH02,797,611,155,2025-04-09,101513.89
INV01284,PROD0134,WH04,4443,631,600,2025-08-30,5241051.66
INV01285,PROD0160,WH08,272,877,525,2025-06-07,428258.56
INV01286,PROD0093,WH09,3010,358,324,2026-07-08,2238326.3
INV01287,PROD0043,WH03,4815,213,137,2025-08-15,11573141.4
INV01288,PROD0130,WH07,1773,572,772,2026-02-27,4019905.17
INV01289,PROD0060,WH12,2547,424,126,2025-03-13,5591989.44
INV01290,PROD0151,WH09,3164,1296,126,2025-08-31,4196539.76
INV01291,PROD0031,WH11,4780,1472,491,2026-06-14,909920.8
INV01292,PROD0005,WH04,4717,710,589,2026-08-12,4989218.07
INV01293,PROD0162,WH10,946,802,294,2025-02-14,2132643.48
INV01294,PROD0010,WH03,2665,415,627,2026-04-17,808667.6
INV01295,PROD0089,WH05,506,1187,431,2026-01-06,1202893.56
INV01296,PROD0130,WH01,243,1443,766,2025-04-02,550951.47
INV01297,PROD0126,WH03,505,1039,619,2025-01-22,112362.5
INV01298,PROD0011,WH08,4517,926,762,2025-06-21,584138.44
INV01299,PROD0178,WH11,3158,1444,786,2026-08-27,4254457.6
INV01300,PROD0159,WH08,3590,753,191,2025-07-11,4108862.7
INV01301,PROD0056,WH04,1872,1265,417,2025-03-18,1339247.52
INV01302,PROD0083,WH02,3793,875,133,2025-10-08,3725370.81
INV01303,PROD0137,WH08,1192,1072,192,2025-12-30,366003.6
INV01304,PROD0099,WH08,4425,482,401,2025-06-28,1069301.25
INV01305,PROD0149,WH10,4745,1281,594,2025-08-26,580076.25
INV01306,PROD0073,WH04,1464,1033,201,2025-05-15,3144906.24
INV01307,PROD0156,WH03,390,736,207,2025-10-07,512811.0
INV01308,PROD0190,WH02,4476,1296,495,2025-01-19,9700252.92
INV01309,PROD0115,WH09,3377,1122,702,2026-08-18,5977323.77
INV01310,PROD0007,WH01,4837,1352,352,2026-01-06,4351316.83
INV01311,PROD0080,WH07,4915,1041,673,2025-04-22,10167906.25
INV01312,PROD0144,WH05,672,1147,705,2025-08-09,1460571.84
INV01313,PROD0097,WH08,2560,864,499,2025-10-31,5074099.2
INV01314,PROD0004,WH04,1211,1348,770,2025-11-21,1859042.43
INV01315,PROD0004,WH07,929,266,273,2026-03-13,1426135.77
INV01316,PROD0103,WH05,1539,205,92,2026-03-14,1711675.8
INV01317,PROD0040,WH05,912,836,313,2025-06-19,1250224.32
INV01318,PROD0017,WH09,643,513,52,2026-01-10,795178.81
INV01319,PROD0101,WH09,4522,764,686,2026-07-11,714611.66
INV01320,PROD0103,WH09,501,1025,317,2026-01-16,557212.2
INV01321,PROD0124,WH12,729,705,645,2025-01-14,1375725.06
INV01322,PROD0052,WH06,1283,1305,65,2026-05-15,1036214.95
INV01323,PROD0052,WH06,2118,1225,383,2026-01-26,1710602.7
INV01324,PROD0164,WH05,4552,403,513,2026-07-03,3246440.88
INV01325,PROD0124,WH09,4386,861,108,2026-07-19,8276996.04
INV01326,PROD0166,WH10,3836,1004,226,2026-06-14,8543961.16
INV01327,PROD0178,WH08,919,603,112,2026-05-07,1238076.8
INV01328,PROD0063,WH07,4050,1326,610,2026-07-04,2899233.0
INV01329,PROD0116,WH07,2339,735,356,2026-01-20,507913.85
INV01330,PROD0191,WH06,755,1435,295,2025-07-15,96164.35
INV01331,PROD0062,WH05,1869,776,338,2025-10-27,3759773.85
INV01332,PROD0007,WH04,4472,1432,381,2026-07-01,4022966.48
INV01333,PROD0155,WH03,507,962,576,2026-08-25,1228826.04
INV01334,PROD0092,WH03,1436,316,304,2025-11-04,1621804.04
INV01335,PROD0014,WH06,2575,827,653,2025-09-09,4541244.25
INV01336,PROD0199,WH04,3426,948,559,2025-01-08,8308872.24
INV01337,PROD0086,WH12,558,304,767,2025-07-27,134952.3
INV01338,PROD0133,WH12,3102,694,655,2025-05-11,134037.42
INV01339,PROD0183,WH06,4516,245,786,2026-08-31,10290383.4
INV01340,PROD0130,WH03,3622,1022,512,2025-01-26,8212124.38
INV01341,PROD0062,WH04,4399,1439,248,2026-03-30,8849248.35
INV01342,PROD0149,WH09,4057,1181,320,2025-07-05,495968.25
INV01343,PROD0079,WH05,3715,1159,795,2026-04-29,4720093.25
INV01344,PROD0149,WH07,1301,1044,607,2025-02-20,159047.25
INV01345,PROD0138,WH10,2155,648,113,2025-01-05,3508964.95
INV01346,PROD0058,WH02,692,735,279,2026-08-12,1208501.88
INV01347,PROD0120,WH05,4350,710,298,2025-06-09,4071817.5
INV01348,PROD0167,WH09,1478,739,295,2025-07-27,1695724.18
INV01349,PROD0133,WH11,256,215,636,2025-09-14,11061.76
INV01350,PROD0065,WH03,2430,442,206,2025-07-24,4569080.4
INV01351,PROD0013,WH09,441,1430,784,2025-01-11,944101.62
INV01352,PROD0181,WH11,1881,1111,751,2025-01-08,3228849.36
INV01353,PROD0082,WH06,2646,1494,613,2026-02-13,5928045.48
INV01354,PROD0173,WH04,3820,960,137,2025-02-01,5597789.8
INV01355,PROD0160,WH07,4677,904,362,2026-06-24,7363842.96
INV01356,PROD0164,WH08,1735,314,115,2026-01-22,1237384.65
INV01357,PROD0188,WH06,3735,596,711,2025-08-16,3937922.55
INV01358,PROD0139,WH05,2645,593,69,2026-04-20,4943293.4
INV01359,PROD0191,WH06,18,1298,82,2025-07-26,2292.66
INV01360,PROD0149,WH05,1124,1177,607,2025-11-14,137409.0
INV01361,PROD0052,WH08,3985,1326,122,2026-07-11,3218485.25
INV01362,PROD0183,WH01,2654,496,392,2025-12-14,6047537.1
INV01363,PROD0117,WH11,2080,1201,182,2025-08-22,469705.6
INV01364,PROD0026,WH07,1547,377,104,2025-02-13,2429192.22
INV01365,PROD0196,WH10,861,1438,110,2025-05-22,334748.19
INV01366,PROD0034,WH10,154,1166,569,2025-06-25,226480.1
INV01367,PROD0052,WH11,3494,514,321,2026-03-25,2821929.1
INV01368,PROD0112,WH02,904,1262,295,2026-08-15,1588246.64
INV01369,PROD0082,WH09,1269,458,225,2025-03-23,2843042.22
INV01370,PROD0180,WH01,404,206,677,2025-05-15,823061.12
INV01371,PROD0157,WH11,843,248,366,2025-06-26,1331147.58
INV01372,PROD0166,WH10,1782,360,754,2026-01-18,3969066.42
INV01373,PROD0042,WH06,1564,375,711,2025-08-31,1524071.08
INV01374,PROD0021,WH09,1184,1225,180,2026-07-21,1190251.52
INV01375,PROD0042,WH01,746,1200,151,2025-05-21,726954.62
INV01376,PROD0141,WH04,1725,654,359,2026-04-02,4150350.0
INV01377,PROD0113,WH04,3188,475,341,2026-03-16,624274.16
INV01378,PROD0105,WH09,270,697,771,2025-02-25,239495.4
INV01379,PROD0192,WH11,4865,875,544,2026-06-11,391729.8
INV01380,PROD0017,WH05,3956,1251,410,2026-02-23,4892266.52
INV01381,PROD0120,WH05,171,1224,387,2025-03-29,160064.55
INV01382,PROD0137,WH06,273,1411,628,2025-01-08,83824.65
INV01383,PROD0169,WH01,2306,255,59,2026-04-22,1624092.74
INV01384,PROD0129,WH01,1158,746,98,2025-08-03,1238122.02
INV01385,PROD0130,WH09,1706,1335,536,2026-07-06,3867996.74
INV01386,PROD0060,WH03,1771,235,672,2026-05-12,3888265.92
INV01387,PROD0048,WH04,421,638,370,2026-05-18,25377.88
INV01388,PROD0029,WH01,1209,794,780,2025-09-02,1997086.65
INV01389,PROD0097,WH09,4675,506,618,2026-04-23,9266177.25
INV01390,PROD0010,WH08,890,818,674,2025-11-05,270061.6
INV01391,PROD0058,WH02,4817,1332,182,2025-08-19,8412360.63
INV01392,PROD0188,WH08,3267,556,632,2026-01-18,3444496.11
INV01393,PROD0021,WH07,4976,380,132,2025-06-04,5002273.28
INV01394,PROD0028,WH11,1473,267,106,2025-06-24,3157198.74
INV01395,PROD0034,WH06,3243,491,425,2025-04-25,4769317.95
INV01396,PROD0008,WH01,4478,891,398,2026-01-25,8500363.5
INV01397,PROD0187,WH07,2181,380,320,2025-11-07,3357300.54
INV01398,PROD0200,WH10,1449,633,532,2025-10-27,3054013.83
INV01399,PROD0177,WH07,3096,1113,160,2025-01-18,5417783.28
INV01400,PROD0079,WH09,3256,265,125,2025-01-12,4136910.8
INV01401,PROD0145,WH01,3156,1244,207,2026-02-08,1800939.84
INV01402,PROD0188,WH02,1590,583,581,2025-08-20,1676384.7
INV01403,PROD0087,WH11,4239,238,692,2026-08-28,3427189.11
INV01404,PROD0088,WH09,3981,1021,378,2025-10-05,9458457.9
INV01405,PROD0173,WH09,1435,801,171,2025-12-19,2102834.65
INV01406,PROD0069,WH06,223,984,90,2025-10-30,209499.58
INV01407,PROD0160,WH06,219,1411,216,2026-06-25,344811.12
INV01408,PROD0172,WH04,4274,870,691,2026-04-15,3817023.92
INV01409,PROD0193,WH04,1654,1466,72,2025-03-18,1572143.54
INV01410,PROD0087,WH05,4528,1296,328,2026-06-05,3660842.72
INV01411,PROD0101,WH03,264,678,518,2025-01-24,41719.92
INV01412,PROD0008,WH01,953,760,449,2025-01-15,1809032.25
INV01413,PROD0077,WH01,4524,300,58,2026-06-09,1227180.24
INV01414,PROD0200,WH12,3733,713,62,2025-12-13,7867932.11
INV01415,PROD0087,WH07,2774,375,101,2025-06-21,2242751.26
INV01416,PROD0043,WH01,3124,437,258,2025-11-23,7508721.44
INV01417,PROD0129,WH01,479,1109,599,2026-04-30,512142.01
INV01418,PROD0109,WH03,3514,1282,661,2026-05-04,5451162.78
INV01419,PROD0179,WH10,1353,1322,754,2026-04-07,1060995.54
INV01420,PROD0152,WH04,3322,1070,451,2026-01-13,8246931.44
INV01421,PROD0152,WH04,3878,694,240,2026-08-11,9627212.56
INV01422,PROD0017,WH02,889,1146,100,2025-06-13,1099399.63
INV01423,PROD0133,WH01,3854,954,442,2026-01-07,166531.34
INV01424,PROD0148,WH03,924,410,702,2026-07-27,2240838.6
INV01425,PROD0021,WH11,2170,1346,729,2026-02-28,2181457.6
INV01426,PROD0058,WH04,1902,1452,670,2026-04-22,3321633.78
INV01427,PROD0159,WH03,4873,339,768,2026-01-17,5577294.69
INV01428,PROD0110,WH08,2395,740,349,2025-06-04,637764.55
INV01429,PROD0139,WH10,28,469,671,2025-09-14,52329.76
INV01430,PROD0180,WH01,34,1235,245,2025-03-09,69267.52
INV01431,PROD0143,WH02,3589,705,466,2025-12-10,2601989.11
INV01432,PROD0135,WH07,2670,1329,713,2025-10-04,413609.7
INV01433,PROD0028,WH04,3365,231,469,2026-01-26,7212473.7
INV01434,PROD0051,WH08,588,1297,689,2026-03-25,112837.2
INV01435,PROD0186,WH11,3218,1394,666,2025-09-16,5851643.38
INV01436,PROD0005,WH03,3138,1292,571,2025-11-03,3319093.98
INV01437,PROD0005,WH06,903,1012,405,2025-04-05,955112.13
INV01438,PROD0094,WH09,4086,561,197,2026-04-09,3398448.78
INV01439,PROD0096,WH01,2169,1128,414,2025-09-03,4087805.85
INV01440,PROD0008,WH01,339,299,413,2025-07-06,643506.75
INV01441,PROD0064,WH08,4270,208,701,2026-01-08,1946863.8
INV01442,PROD0138,WH03,1714,896,751,2026-07-26,2790889.06
INV01443,PROD0038,WH05,4692,1252,451,2026-02-10,7570870.44
INV01444,PROD0111,WH01,4546,1337,655,2026-02-12,1018349.46
INV01445,PROD0112,WH05,556,661,541,2025-05-05,976841.96
INV01446,PROD0081,WH11,3087,1120,278,2025-12-03,2501457.84
INV01447,PROD0136,WH06,3266,1366,624,2025-12-07,1013309.16
INV01448,PROD0104,WH08,3567,589,586,2026-07-17,7922092.98
INV01449,PROD0153,WH03,2056,831,317,2025-06-27,407869.28
INV01450,PROD0073,WH03,3899,881,454,2025-06-19,8375675.84
INV01451,PROD0194,WH12,1016,356,60,2025-02-08,2061697.68
INV01452,PROD0178,WH11,2062,534,369,2025-03-10,2777926.4
INV01453,PROD0195,WH11,838,459,762,2025-08-24,2068502.44
INV01454,PROD0049,WH10,1637,281,175,2026-07-14,408742.53
INV01455,PROD0036,WH09,4321,953,355,2026-01-16,6244061.05
INV01456,PROD0126,WH04,3496,1395,751,2025-02-26,777860.0
INV01457,PROD0068,WH04,1813,1454,560,2025-10-04,1886154.55
INV01458,PROD0078,WH12,3479,919,138,2025-04-09,7855025.36
INV01459,PROD0105,WH07,1451,274,404,2026-06-11,1287066.02
INV01460,PROD0169,WH02,2313,1493,677,2025-11-21,1629022.77
INV01461,PROD0122,WH08,1514,825,401,2026-04-06,3586529.74
INV01462,PROD0119,WH06,1231,261,738,2025-06-28,1163368.86
INV01463,PROD0190,WH03,1645,1073,63,2026-07-28,3564994.65
INV01464,PROD0114,WH09,2999,519,306,2025-04-29,6169902.68
INV01465,PROD0010,WH05,3440,301,258,2026-04-14,1043833.6
INV01466,PROD0149,WH08,4056,1073,330,2026-07-03,495846.0
INV01467,PROD0164,WH07,305,1153,492,2026-03-31,217522.95
INV01468,PROD0140,WH08,3536,454,438,2025-01-26,5179073.12
INV01469,PROD0091,WH07,1723,769,666,2026-05-05,2731161.76
INV01470,PROD0002,WH03,1689,311,532,2025-01-08,3122403.63
INV01471,PROD0118,WH02,1517,1184,196,2026-05-31,3742135.6
INV01472,PROD0013,WH07,3917,1197,328,2026-06-17,8385591.94
INV01473,PROD0181,WH03,419,660,570,2025-05-29,719238.64
INV01474,PROD0160,WH03,2936,907,679,2026-05-03,4622673.28
INV01475,PROD0095,WH02,3862,1086,655,2025-01-25,6512143.02
INV01476,PROD0144,WH04,4229,1315,483,2026-07-09,9191604.63
INV01477,PROD0032,WH08,1450,1275,193,2026-03-01,2336544.5
INV01478,PROD0032,WH12,3096,719,338,2025-10-20,4988925.36
INV01479,PROD0124,WH01,3261,1011,435,2025-07-04,6153963.54
INV01480,PROD0011,WH01,1164,1321,63,2026-07-08,150528.48
INV01481,PROD0010,WH12,1869,435,306,2026-03-07,567129.36
INV01482,PROD0015,WH05,1819,1126,395,2026-08-27,2170649.08
INV01483,PROD0017,WH11,2705,756,747,2025-11-13,3345192.35
INV01484,PROD0168,WH05,3515,848,394,2026-02-02,5469445.45
INV01485,PROD0146,WH11,1342,433,449,2025-11-20,3232354.62
INV01486,PROD0183,WH12,2226,1255,256,2026-07-19,5072274.9
INV01487,PROD0153,WH01,1079,778,221,2026-08-19,214052.02
INV01488,PROD0059,WH06,4206,741,513,2026-06-30,6636731.52
INV01489,PROD0078,WH01,4563,313,319,2025-03-17,10302523.92
INV01490,PROD0124,WH05,2779,403,270,2026-05-01,5244362.06
INV01491,PROD0114,WH09,2528,1252,201,2025-03-29,5200904.96
INV01492,PROD0022,WH12,813,842,672,2025-08-20,1256402.07
INV01493,PROD0158,WH05,2031,673,232,2025-01-07,3541942.14
INV01494,PROD0172,WH06,322,896,448,2026-07-04,287571.76
INV01495,PROD0032,WH08,2969,452,121,2025-02-21,4784276.29
INV01496,PROD0179,WH11,903,1104,467,2026-01-31,708114.54
INV01497,PROD0174,WH01,1541,585,332,2025-08-09,320789.97
INV01498,PROD0113,WH02,3503,261,123,2026-03-04,685957.46
INV01499,PROD0120,WH09,2653,714,404,2025-05-23,2483340.65
INV01500,PROD0149,WH03,2476,629,776,2025-12-29,302691.0
INV01501,PROD0122,WH06,3340,779,546,2026-01-17,7912159.4
INV01502,PROD0032,WH05,4243,1364,377,2026-07-15,6837212.63
INV01503,PROD0119,WH11,1141,942,584,2025-10-04,1078313.46
INV01504,PROD0039,WH02,849,874,629,2025-09-28,979542.24
INV01505,PROD0012,WH07,366,510,496,2025-01-14,42532.86
INV01506,PROD0175,WH04,2897,670,422,2025-10-25,7058163.89
INV01507,PROD0018,WH01,1089,1008,411,2026-04-09,1297630.62
INV01508,PROD0149,WH04,4041,371,142,2026-06-11,494012.25
INV01509,PROD0141,WH06,2038,775,370,2025-08-22,4903428.0
INV01510,PROD0149,WH07,2860,230,373,2026-07-29,349635.0
INV01511,PROD0126,WH07,4270,246,433,2025-01-27,950075.0
INV01512,PROD0136,WH07,1854,329,624,2026-04-16,575222.04
INV01513,PROD0046,WH03,4683,551,785,2025-04-03,877406.88
INV01514,PROD0104,WH06,494,1177,786,2025-11-05,1097144.36
INV01515,PROD0135,WH08,3182,257,395,2025-02-21,492923.62
INV01516,PROD0151,WH04,1784,1329,152,2025-11-15,2366190.56
INV01517,PROD0086,WH08,3510,1011,264,2025-06-30,848893.5
INV01518,PROD0150,WH02,3786,967,241,2026-07-23,8440849.14
INV01519,PROD0089,WH10,4130,882,721,2025-04-30,9818083.8
INV01520,PROD0022,WH09,998,1385,768,2025-02-12,1542299.22
INV01521,PROD0092,WH09,4469,1196,243,2025-09-17,5047243.91
INV01522,PROD0029,WH08,1451,485,429,2025-07-16,2396834.35
INV01523,PROD0013,WH10,1751,1294,452,2025-09-12,3748575.82
INV01524,PROD0002,WH10,2280,1085,713,2025-12-02,4214967.6
INV01525,PROD0029,WH01,4800,596,798,2026-07-07,7928880.0
INV01526,PROD0180,WH02,4658,225,649,2026-05-17,9489650.24
INV01527,PROD0027,WH06,2934,512,60,2025-09-12,3712360.86
INV01528,PROD0050,WH10,3734,325,236,2026-05-29,6393616.18
INV01529,PROD0095,WH05,3346,1421,775,2025-08-30,5642058.66
INV01530,PROD0151,WH12,1873,1010,64,2025-05-29,2484234.82
INV01531,PROD0088,WH09,4534,387,346,2025-10-26,10772330.6
INV01532,PROD0044,WH05,3803,897,460,2026-03-29,8613034.4
INV01533,PROD0022,WH02,1979,1009,634,2026-01-28,3058326.81
INV01534,PROD0171,WH10,698,915,101,2025-07-31,814768.42
INV01535,PROD0165,WH04,1312,649,689,2026-06-22,3118322.24
INV01536,PROD0189,WH09,2962,722,77,2026-08-17,6909842.46
INV01537,PROD0097,WH01,2938,1185,626,2026-08-18,5823321.66
INV01538,PROD0184,WH11,4787,857,66,2025-05-11,9856480.87
INV01539,PROD0003,WH01,2300,796,400,2025-11-25,3202911.0
INV01540,PROD0191,WH12,3197,299,477,2025-09-13,407201.89
INV01541,PROD0118,WH07,126,815,699,2026-04-24,310816.8
INV01542,PROD0019,WH11,1191,1147,278,2026-07-15,530483.31
INV01543,PROD0023,WH03,2639,755,259,2025-03-04,4204481.19
INV01544,PROD0157,WH10,4389,477,480,2025-11-07,6930494.34
INV01545,PROD0030,WH02,3916,690,343,2026-02-11,1644289.24
INV01546,PROD0039,WH09,1366,454,792,2025-04-15,1576036.16
INV01547,PROD0108,WH03,1019,580,631,2025-01-15,1943589.65
INV01548,PROD0111,WH02,4079,1091,153,2025-09-16,913736.79
INV01549,PROD0025,WH12,4514,741,253,2026-02-16,4269837.74
INV01550,PROD0128,WH08,4539,1487,102,2025-09-16,6366537.57
INV01551,PROD0111,WH10,684,1024,424,2025-09-17,153222.84
INV01552,PROD0136,WH06,3629,1078,103,2025-02-14,1125933.54
INV01553,PROD0106,WH06,2887,1338,325,2025-11-27,883162.17
INV01554,PROD0186,WH10,1462,1499,384,2025-06-14,2658515.42
INV01555,PROD0144,WH11,4086,480,80,2025-07-12,8880798.42
INV01556,PROD0072,WH07,2261,1498,184,2026-06-05,5263449.73
INV01557,PROD0129,WH07,4180,972,107,2026-02-05,4469214.2
INV01558,PROD0108,WH11,2841,1042,154,2026-01-09,5418781.35
INV01559,PROD0005,WH06,1767,918,315,2025-03-06,1868973.57
INV01560,PROD0003,WH04,4180,527,571,2026-01-22,5820942.6
INV01561,PROD0193,WH11,3560,410,545,2026-05-10,3383815.6
INV01562,PROD0132,WH09,2112,926,302,2026-02-19,2617127.04
INV01563,PROD0104,WH06,4758,1122,344,2025-01-30,10567232.52
INV01564,PROD0064,WH04,626,751,717,2025-09-23,285418.44
INV01565,PROD0106,WH12,4159,225,207,2025-11-24,1272279.69
INV01566,PROD0098,WH03,3414,226,598,2026-05-07,6750160.8
INV01567,PROD0010,WH04,1375,901,680,2025-08-05,417230.0
INV01568,PROD0149,WH03,1181,1306,116,2025-11-16,144377.25
INV01569,PROD0128,WH02,490,881,348,2026-02-03,687288.7
INV01570,PROD0046,WH05,3729,612,512,2025-04-15,698665.44
INV01571,PROD0155,WH02,3534,366,774,2025-11-26,8565426.48
INV01572,PROD0066,WH06,3296,368,150,2025-02-16,6657854.08
INV01573,PROD0169,WH03,1940,428,105,2026-08-22,1366322.6
INV01574,PROD0112,WH06,4408,566,381,2025-11-10,7744459.28
INV01575,PROD0013,WH11,1882,727,442,2025-05-27,4029023.24
INV01576,PROD0137,WH10,4908,990,792,2026-04-07,1507001.4
INV01577,PROD0164,WH09,2987,723,430,2026-08-07,2130298.53
INV01578,PROD0086,WH01,3159,1295,141,2026-05-01,764004.15
INV01579,PROD0090,WH06,4775,305,496,2026-02-14,6875952.25
INV01580,PROD0058,WH09,4530,931,158,2025-01-27,7911146.7
INV01581,PROD0054,WH11,681,1164,366,2025-01-29,49597.23
INV01582,PROD0012,WH04,1073,332,217,2025-09-28,124693.33
INV01583,PROD0014,WH11,2387,733,484,2026-05-16,4209689.33
INV01584,PROD0121,WH12,2394,1174,491,2025-09-10,4871335.14
INV01585,PROD0162,WH02,2693,468,267,2026-01-20,6071045.34
INV01586,PROD0181,WH04,1370,872,271,2025-03-01,2351687.2
INV01587,PROD0121,WH01,4744,990,722,2025-04-17,9653138.64
INV01588,PROD0020,WH03,4340,217,577,2025-08-08,4744140.8
INV01589,PROD0075,WH10,2156,316,327,2026-03-17,4055241.96
INV01590,PROD0144,WH09,2580,997,618,2026-07-18,5607552.6
INV01591,PROD0070,WH10,4391,1367,623,2026-07-26,8537816.49
INV01592,PROD0056,WH05,2159,750,515,2026-06-30,1544570.19
INV01593,PROD0101,WH11,3248,1128,651,2025-04-06,513281.44
INV01594,PROD0186,WH06,3731,952,633,2025-03-30,6784487.71
INV01595,PROD0132,WH03,3829,621,79,2025-08-19,4744781.93
INV01596,PROD0111,WH05,1627,845,408,2025-10-02,364464.27
INV01597,PROD0125,WH11,3472,757,337,2025-09-03,3298434.72
INV01598,PROD0132,WH08,27,249,135,2025-04-21,33457.59
INV01599,PROD0020,WH06,1985,877,283,2025-08-22,2169843.2
INV01600,PROD0138,WH04,4153,305,796,2025-10-05,6762288.37
INV01601,PROD0024,WH02,1521,1439,362,2026-04-22,194049.18
INV01602,PROD0154,WH09,296,857,414,2026-02-21,411833.68
INV01603,PROD0037,WH12,2181,1295,318,2025-05-08,2136507.6
INV01604,PROD0054,WH01,3402,1187,747,2025-08-25,247767.66
INV01605,PROD0103,WH01,2296,1041,180,2025-05-08,2553611.2
INV01606,PROD0149,WH04,2597,645,400,2026-01-29,317483.25
INV01607,PROD0038,WH07,901,1409,229,2026-04-20,1453826.57
INV01608,PROD0174,WH01,1098,269,529,2026-01-30,228570.66
INV01609,PROD0004,WH09,1677,349,212,2025-04-21,2574413.01
INV01610,PROD0188,WH04,2881,1469,145,2025-03-31,3037524.73
INV01611,PROD0057,WH03,4866,973,559,2025-10-07,1501842.24
INV01612,PROD0173,WH01,1378,1322,414,2025-11-29,2019307.42
INV01613,PROD0020,WH10,1248,1143,402,2025-08-12,1364213.76
INV01614,PROD0017,WH04,3735,654,485,2025-04-11,4618962.45
INV01615,PROD0119,WH09,4241,1327,132,2025-05-12,4007999.46
INV01616,PROD0071,WH10,1264,1145,274,2025-01-13,1089441.6
INV01617,PROD0004,WH06,1907,800,461,2026-04-02,2927492.91
INV01618,PROD0014,WH06,1058,852,784,2026-03-17,1865878.22
INV01619,PROD0003,WH01,2749,924,167,2025-04-08,3828174.93
INV01620,PROD0080,WH10,2048,432,531,2025-04-30,4236800.0
INV01621,PROD0186,WH02,4248,450,241,2025-10-20,7724605.68
INV01622,PROD0055,WH11,2476,278,640,2025-01-01,5048440.2
INV01623,PROD0132,WH06,4016,1275,639,2026-07-26,4976506.72
INV01624,PROD0120,WH02,4603,1097,708,2025-09-07,4308638.15
INV01625,PROD0024,WH03,3197,1120,156,2025-05-29,407873.26
INV01626,PROD0162,WH04,4586,980,431,2026-01-30,10338586.68
INV01627,PROD0158,WH11,3553,425,439,2025-02-13,6196218.82
INV01628,PROD0082,WH05,4440,1274,293,2025-02-13,9947287.2
INV01629,PROD0147,WH09,1761,1409,634,2025-03-19,79597.2
INV01630,PROD0159,WH12,220,1257,517,2025-08-14,251796.6
INV01631,PROD0188,WH04,4818,1002,587,2025-06-11,5079761.94
INV01632,PROD0060,WH11,4623,941,259,2025-09-10,10149888.96
INV01633,PROD0147,WH09,2888,330,653,2025-05-12,130537.6
INV01634,PROD0049,WH11,1664,1222,686,2026-03-24,415484.16
INV01635,PROD0063,WH10,3986,831,122,2026-04-19,2853417.96
INV01636,PROD0110,WH03,4576,1037,684,2025-04-19,1218543.04
INV01637,PROD0150,WH08,2977,958,358,2025-02-04,6637191.73
INV01638,PROD0152,WH12,1871,903,745,2026-04-12,4644794.92
INV01639,PROD0109,WH01,1462,696,748,2025-10-02,2267956.74
INV01640,PROD0076,WH11,344,522,759,2025-07-06,650173.76
INV01641,PROD0030,WH09,44,1433,639,2025-08-31,18475.16
INV01642,PROD0058,WH09,2068,814,235,2025-09-21,3611534.52
INV01643,PROD0117,WH10,1514,528,302,2026-06-06,341891.48
INV01644,PROD0159,WH02,2598,332,62,2026-06-25,2973488.94
INV01645,PROD0100,WH04,1001,1034,348,2025-03-28,1244873.63
INV01646,PROD0192,WH08,1033,850,125,2026-06-19,83177.16
INV01647,PROD0019,WH07,2040,320,100,2025-07-29,908636.4
INV01648,PROD0176,WH01,273,805,198,2025-02-15,673144.29
INV01649,PROD0173,WH05,2647,1164,780,2026-04-12,3878887.33
INV01650,PROD0094,WH07,1779,328,171,2026-06-24,1479647.67
INV01651,PROD0183,WH04,4476,1314,260,2025-01-26,10199237.4
INV01652,PROD0113,WH01,478,228,329,2025-09-23,93601.96
INV01653,PROD0183,WH09,515,921,587,2025-06-24,1173504.75
INV01654,PROD0146,WH05,4286,532,734,2026-05-31,10323302.46
INV01655,PROD0063,WH11,1191,1353,205,2025-11-07,852589.26
INV01656,PROD0116,WH02,2668,1396,287,2025-11-18,579356.2
INV01657,PROD0113,WH08,1411,1143,425,2026-08-02,276302.02
INV01658,PROD0047,WH11,3280,1247,131,2025-05-15,870610.4
INV01659,PROD0057,WH02,271,1322,541,2025-02-24,83641.44
INV01660,PROD0118,WH03,142,555,405,2026-06-27,350285.6
INV01661,PROD0045,WH10,3332,338,322,2026-08-09,1671131.28
INV01662,PROD0161,WH01,787,1397,629,2026-06-15,1154544.74
INV01663,PROD0145,WH11,1681,228,93,2025-06-05,959245.84
INV01664,PROD0198,WH02,622,1130,622,2025-05-27,598059.22
INV01665,PROD0004,WH07,3841,695,172,2026-04-30,5896434.33
INV01666,PROD0148,WH10,3676,1213,398,2026-08-22,8914851.4
INV01667,PROD0047,WH02,2572,854,757,2025-01-20,682685.96
INV01668,PROD0143,WH06,3260,1027,379,2025-09-26,2363467.4
INV01669,PROD0198,WH03,4712,550,458,2025-11-29,4530635.12
INV01670,PROD0047,WH04,66,753,372,2026-07-09,17518.38
INV01671,PROD0078,WH11,4286,498,160,2026-02-05,9677102.24
INV01672,PROD0124,WH08,4616,1415,138,2025-11-02,8711038.24
INV01673,PROD0075,WH03,1140,263,482,2025-01-28,2144237.4
INV01674,PROD0103,WH10,2314,954,759,2026-04-12,2573630.8
INV01675,PROD0137,WH06,2532,969,761,2025-09-17,777450.6
INV01676,PROD0090,WH01,3580,1438,148,2026-06-18,5155164.2
INV01677,PROD0144,WH07,1187,1033,588,2025-04-11,2579908.89
INV01678,PROD0069,WH08,4471,365,650,2026-07-05,4200325.66
INV01679,PROD0061,WH11,4748,1455,195,2025-12-19,8744154.2
INV01680,PROD0138,WH08,3339,1418,743,2025-10-27,5436860.31
INV01681,PROD0050,WH03,548,705,306,2025-10-23,938323.96
INV01682,PROD0003,WH10,4087,992,238,2025-12-19,5691433.59
INV01683,PROD0107,WH01,72,1032,289,2025-05-10,26663.76
INV01684,PROD0113,WH09,198,1057,552,2025-06-05,38772.36
INV01685,PROD0094,WH06,3201,1005,757,2025-03-15,2662367.73
INV01686,PROD0118,WH11,1781,1372,726,2025-12-08,4393370.8
INV01687,PROD0198,WH09,571,960,320,2026-04-10,549022.21
INV01688,PROD0081,WH07,790,1032,569,2025-03-31,640152.8
INV01689,PROD0109,WH01,1638,482,599,2026-08-02,2540980.26
INV01690,PROD0051,WH12,1831,578,163,2026-03-31,351368.9
INV01691,PROD0147,WH12,1855,397,388,2025-11-28,83846.0
INV01692,PROD0170,WH01,1174,1214,617,2025-12-14,566431.52
INV01693,PROD0035,WH06,3740,1223,408,2025-08-21,8794497.8
INV01694,PROD0046,WH05,3277,755,699,2026-08-21,613978.72
INV01695,PROD0154,WH09,178,555,663,2025-04-12,247656.74
INV01696,PROD0069,WH02,2244,1240,383,2026-04-26,2108148.24
INV01697,PROD0093,WH08,4086,838,738,2025-08-02,3038472.18
INV01698,PROD0064,WH11,734,578,218,2025-04-18,334659.96
INV01699,PROD0165,WH05,798,879,388,2025-06-14,1896662.46
INV01700,PROD0049,WH02,787,705,310,2026-08-26,196506.03
INV01701,PROD0149,WH10,2795,1098,784,2025-12-01,341688.75
INV01702,PROD0074,WH11,4304,275,248,2025-03-27,4652839.2
INV01703,PROD0192,WH11,4588,430,260,2026-02-28,369425.76
INV01704,PROD0005,WH12,3084,1161,336,2025-12-30,3261977.64
INV01705,PROD0100,WH06,2918,1471,741,2025-03-01,3628912.34
INV01706,PROD0070,WH10,731,501,792,2026-04-27,1421349.09
INV01707,PROD0090,WH08,1129,925,521,2025-09-07,1625748.71
INV01708,PROD0004,WH04,3446,414,531,2026-07-14,5290057.98
INV01709,PROD0126,WH02,1605,1381,72,2025-04-27,357112.5
INV01710,PROD0039,WH12,3778,268,609,2026-06-29,4358905.28
INV01711,PROD0163,WH11,2745,592,158,2025-02-13,351167.85
INV01712,PROD0129,WH05,3170,1308,345,2026-05-24,3389332.3
INV01713,PROD0024,WH12,4689,466,55,2025-06-14,598222.62
INV01714,PROD0057,WH02,2933,1292,599,2026-01-03,905241.12
INV01715,PROD0100,WH02,1215,810,730,2025-10-19,1511010.45
INV01716,PROD0070,WH06,324,1208,252,2025-10-13,629982.36
INV01717,PROD0041,WH11,1850,1161,374,2025-07-23,4355899.0
INV01718,PROD0182,WH10,1490,927,293,2026-06-08,624459.0
INV01719,PROD0174,WH09,893,872,376,2025-05-01,185895.81
INV01720,PROD0060,WH04,1390,622,96,2025-07-07,3051772.8
INV01721,PROD0108,WH06,3389,1397,640,2025-01-13,6464009.15
INV01722,PROD0188,WH07,4239,314,671,2026-08-26,4469304.87
INV01723,PROD0057,WH11,4479,419,62,2025-07-19,1382398.56
INV01724,PROD0031,WH06,2263,230,429,2026-08-09,430784.68
INV01725,PROD0084,WH08,3432,1353,414,2026-04-01,143903.76
INV01726,PROD0152,WH04,2371,816,651,2026-03-24,5886054.92
INV01727,PROD0036,WH12,3086,738,391,2025-03-12,4459424.3
INV01728,PROD0158,WH01,4312,938,270,2026-08-13,7519869.28
INV01729,PROD0152,WH07,1515,1225,122,2025-05-10,3761017.8
INV01730,PROD0108,WH03,2917,1070,795,2025-02-12,5563739.95
INV01731,PROD0106,WH06,2352,300,674,2026-06-04,719500.32
INV01732,PROD0158,WH02,1167,1281,95,2025-01-13,2035177.98
INV01733,PROD0086,WH09,110,891,553,2026-06-19,26603.5
INV01734,PROD0135,WH01,4327,1140,323,2025-10-29,670295.57
INV01735,PROD0163,WH06,3655,540,604,2026-06-11,467584.15
INV01736,PROD0183,WH06,3793,1060,257,2026-07-27,8642919.45
INV01737,PROD0014,WH05,1755,1243,664,2025-04-25,3095100.45
INV01738,PROD0120,WH05,1577,1478,173,2026-04-05,1476150.85
INV01739,PROD0138,WH01,1296,237,59,2026-05-20,2110263.84
INV01740,PROD0080,WH10,3774,859,378,2025-11-04,7807462.5
INV01741,PROD0144,WH12,2220,1127,236,2025-11-21,4825103.4
INV01742,PROD0182,WH05,972,1249,592,2026-08-02,407365.2
INV01743,PROD0106,WH02,1030,653,717,2025-06-24,315087.3
INV01744,PROD0070,WH07,2593,936,109,2026-05-29,5041803.27
INV01745,PROD0044,WH03,3992,1018,491,2025-06-21,9041081.6
INV01746,PROD0073,WH04,4613,972,266,2026-05-17,9909462.08
INV01747,PROD0045,WH03,913,212,51,2025-11-30,457906.02
INV01748,PROD0184,WH03,2181,1114,585,2025-10-11,4490700.81
INV01749,PROD0107,WH04,3197,1120,767,2026-04-20,1183945.01
INV01750,PROD0084,WH05,1462,1024,760,2025-02-23,61301.66
INV01751,PROD0082,WH01,2378,570,405,2026-04-03,5327623.64
INV01752,PROD0107,WH04,3454,531,675,2026-08-02,1279119.82
INV01753,PROD0185,WH12,3553,460,716,2026-02-24,8439263.25
INV01754,PROD0021,WH12,1307,1428,214,2026-02-13,1313900.96
INV01755,PROD0196,WH11,4994,896,783,2025-10-31,1941617.26
INV01756,PROD0178,WH08,1189,886,140,2026-07-13,1601820.8
INV01757,PROD0161,WH10,687,1149,216,2025-08-10,1007842.74
INV01758,PROD0007,WH07,4661,586,256,2026-06-17,4192988.99
INV01759,PROD0070,WH09,1207,1020,331,2025-06-07,2346878.73
INV01760,PROD0127,WH05,1894,667,114,2025-12-14,3686121.74
INV01761,PROD0143,WH10,4922,268,565,2025-06-08,3568400.78
INV01762,PROD0160,WH04,1811,1327,206,2025-08-23,2851383.28
INV01763,PROD0148,WH08,3183,1384,796,2026-02-09,7719252.45
INV01764,PROD0143,WH09,3797,399,355,2025-09-14,2752787.03
INV01765,PROD0176,WH07,1644,415,444,2026-08-12,4053660.12
INV01766,PROD0199,WH07,3968,411,123,2026-08-20,9623352.32
INV01767,PROD0149,WH05,2716,707,236,2026-07-12,332031.0
INV01768,PROD0170,WH04,190,215,623,2025-02-16,91671.2
INV01769,PROD0154,WH10,1335,1083,386,2025-08-01,1857425.55
INV01770,PROD0120,WH01,4803,531,725,2026-04-24,4495848.15
INV01771,PROD0128,WH10,3106,916,617,2026-05-02,4356568.78
INV01772,PROD0142,WH10,378,750,672,2026-07-25,357795.9
INV01773,PROD0057,WH07,4482,1141,779,2026-07-20,1383324.48
INV01774,PROD0165,WH01,3829,455,289,2025-12-08,9100652.33
INV01775,PROD0058,WH01,615,1191,582,2026-06-08,1074029.85
INV01776,PROD0021,WH05,2330,927,190,2026-05-18,2342302.4
INV01777,PROD0082,WH09,1754,1079,314,2025-01-06,3929626.52
INV01778,PROD0069,WH06,463,1014,188,2025-05-24,434969.98
INV01779,PROD0131,WH03,966,1395,508,2025-09-18,281424.78
INV01780,PROD0087,WH03,4267,848,119,2026-08-08,3449826.83
INV01781,PROD0165,WH07,3158,1199,434,2025-08-20,7505839.66
INV01782,PROD0049,WH06,3624,670,679,2025-09-27,904876.56
INV01783,PROD0147,WH09,4938,889,247,2026-03-23,223197.6
INV01784,PROD0115,WH06,689,899,254,2025-08-10,1219536.89
INV01785,PROD0089,WH05,2622,706,775,2025-02-21,6233175.72
INV01786,PROD0085,WH10,2212,1191,617,2025-04-26,5009892.44
INV01787,PROD0128,WH07,382,1209,736,2026-06-22,535804.66
INV01788,PROD0140,WH01,2256,1003,689,2026-07-19,3304295.52
INV01789,PROD0189,WH12,3810,1030,480,2026-06-25,8888082.3
INV01790,PROD0169,WH07,3503,413,374,2025-01-19,2467127.87
INV01791,PROD0161,WH03,1412,1431,491,2026-01-27,2071432.24
INV01792,PROD0178,WH09,1583,368,337,2026-02-23,2132617.6
INV01793,PROD0117,WH06,371,1177,275,2025-11-05,83779.22
INV01794,PROD0196,WH09,610,345,113,2025-07-05,237161.9
INV01795,PROD0127,WH05,115,715,609,2025-09-18,223814.15
INV01796,PROD0071,WH07,446,1313,763,2026-06-12,384407.4
INV01797,PROD0086,WH04,1391,652,547,2025-09-30,336413.35
INV01798,PROD0033,WH07,3324,259,109,2025-06-09,268845.12
INV01799,PROD0081,WH01,1340,727,446,2025-08-12,1085828.8
INV01800,PROD0152,WH07,4510,1450,306,2025-09-13,11196165.2
